row_id,predicted_model,true_model,primary_query
0,UNKNOWN,UNKNOWN,
1,UNKNOWN,UNKNOWN,AMAZON FIRE T
2,UNKNOWN,UNKNOWN,
3,UNKNOWN,UNKNOWN,
4,BOSE TVSPKR,UNKNOWN,TV IN WOONKAME
5,UNKNOWN,UNKNOWN,
6,UNKNOWN,UNKNOWN,CHROMECAST
7,SONY HTS40R,UNKNOWN,SKY Q
8,UNKNOWN,UNKNOWN,
9,UNKNOWN,UNKNOWN,BLU-RAY PLAYER
10,UNKNOWN,UNKNOWN,AMAZON FIRETV
11,UNKNOWN,UNKNOWN,FIRE TV CUBE
12,UNKNOWN,UNKNOWN,
13,UNKNOWN,UNKNOWN,XBOX
14,UNKNOWN,UNKNOWN,POLSAT BOX 4KL
15,UNKNOWN,UNKNOWN,ACTON III
16,UNKNOWN,UNKNOWN,
17,UNKNOWN,UNKNOWN,
18,UNKNOWN,UNKNOWN,
19,UNKNOWN,UNKNOWN,
20,UNKNOWN,UNKNOWN,
21,UNKNOWN,UNKNOWN,AUDIO SYSTEM
22,UNKNOWN,UNKNOWN,MAGENTATV ONE
23,UNKNOWN,UNKNOWN,
24,LG S90TY,LG S90TY,LG S90TY
25,LG SQC2,LG SQC2,LG SQC2
26,UNKNOWN,UNKNOWN,ORANGE DEKODER
27,UNKNOWN,UNKNOWN,PS4 CONSOLA DE JUEGOS
28,UNKNOWN,UNKNOWN,
29,UNKNOWN,UNKNOWN,
30,UNKNOWN,UNKNOWN,
31,UNKNOWN,UNKNOWN,
32,UNKNOWN,UNKNOWN,
33,UNKNOWN,UNKNOWN,SKY Q SET-TOP BOX
34,UNKNOWN,UNKNOWN,AMAZON FIRE T
35,UNKNOWN,UNKNOWN,AMAZON FIRE T
36,UNKNOWN,UNKNOWN,DIGITURK SET ST KUTU
37,UNKNOWN,UNKNOWN,APPLE TV
38,UNKNOWN,UNKNOWN,STR-DH190
39,UNKNOWN,UNKNOWN,
40,JBL BAR5.1,UNKNOWN,PLAYSTATION 5
41,UNKNOWN,UNKNOWN,AIWA KBTUS-710
42,UNKNOWN,UNKNOWN,DVD
43,UNKNOWN,UNKNOWN,APPLE TV
44,UNKNOWN,UNKNOWN,JBL TOUR ONE
45,UNKNOWN,UNKNOWN,ANKER A7908
46,UNKNOWN,UNKNOWN,JBL LIVE FLEX 3
47,UNKNOWN,UNKNOWN,TELECOM
48,LG S70TY,LG S70TY,LG S70TY
49,UNKNOWN,UNKNOWN,TELIA TV
50,UNKNOWN,UNKNOWN,FIRE TV STICK
51,UNKNOWN,UNKNOWN,
52,UNKNOWN,UNKNOWN,MAGENTATV
53,UNKNOWN,UNKNOWN,SKY Q SET-TOP BOX
54,UNKNOWN,UNKNOWN,
55,UNKNOWN,UNKNOWN,PORTUGAL TELECOM BOX
56,LG S90TY,LG S90TY,LG S90TY
57,UNKNOWN,UNKNOWN,
58,UNKNOWN,UNKNOWN,AUDIOPRO A38
59,UNKNOWN,UNKNOWN,FIRE TV STICK
60,UNKNOWN,UNKNOWN,
61,UNKNOWN,UNKNOWN,
62,UNKNOWN,UNKNOWN,
63,UNKNOWN,UNKNOWN,KPN DECODER
64,UNKNOWN,UNKNOWN,UMA
65,LG S70TR,LG S70TR,LG DS70TR
66,UNKNOWN,UNKNOWN,
67,UNKNOWN,UNKNOWN,
68,UNKNOWN,UNKNOWN,VODAFONE TV
69,UNKNOWN,UNKNOWN,
70,UNKNOWN,UNKNOWN,
71,UNKNOWN,UNKNOWN,
72,UNKNOWN,UNKNOWN,VODAFONE SET-TOP BOX
73,UNKNOWN,UNKNOWN,DECODIFICADOR
74,LG LGSOUNDBAR,LG LGSOUNDBAR,LG SOUND BAR
75,UNKNOWN,UNKNOWN,AV RECEIVER
76,UNKNOWN,UNKNOWN,MAGYAR TELEKOM SET-TOP BOX
77,UNKNOWN,UNKNOWN,
78,UNKNOWN,UNKNOWN,BD PLAYER
79,UNKNOWN,UNKNOWN,SKY Q
80,UNKNOWN,UNKNOWN,PLAYSTATION 5
81,UNKNOWN,UNKNOWN,DECODEUR TV 6
82,UNKNOWN,UNKNOWN,
83,UNKNOWN,UNKNOWN,H10
84,UNKNOWN,UNKNOWN,LG CHANNELS
85,UNKNOWN,LG S80TR,LG SPEAKER DS80TR 9001
86,UNKNOWN,UNKNOWN,
87,UNKNOWN,UNKNOWN,
88,LG S40T,LG S40T,LG S40T
89,SONY SONYSOUNDBAR,UNKNOWN,APPLE TV
90,UNKNOWN,UNKNOWN,VSX-830 AFCE55
91,UNKNOWN,UNKNOWN,PLAYSTATION 5
92,UNKNOWN,JBL CINEMASB110,CINEBAR 11
93,UNKNOWN,UNKNOWN,FIRE TV STICK
94,UNKNOWN,UNKNOWN,BD PLAYER
95,UNKNOWN,UNKNOWN,HD+
96,UNKNOWN,UNKNOWN,DOQAUS LIFE 4
97,UNKNOWN,UNKNOWN,
98,UNKNOWN,UNKNOWN,SOUND SYSTEM
99,UNKNOWN,UNKNOWN,DEKODER VECTRA
100,UNKNOWN,UNKNOWN,
101,SONOS ARC,UNKNOWN,SKY Q
102,UNKNOWN,UNKNOWN,AMAZON FIRE TV
103,SONY HTS400,SONY HTS400,HT-S400
104,UNKNOWN,UNKNOWN,UMA
105,UNKNOWN,UNKNOWN,
106,UNKNOWN,UNKNOWN,PLAYSTATION 5
107,UNKNOWN,UNKNOWN,
108,UNKNOWN,UNKNOWN,SKY
109,UNKNOWN,UNKNOWN,APPLE TV
110,LG S40T,UNKNOWN,AMAZON FIRE T
111,UNKNOWN,UNKNOWN,
112,UNKNOWN,UNKNOWN,MAGYAR TELEKOM BELT RI EGYS G
113,UNKNOWN,UNKNOWN,
114,UNKNOWN,JBL CINEMASB270,CINEMA 70S
115,UNKNOWN,UNKNOWN,PSB 400
116,UNKNOWN,UNKNOWN,CBS540A
117,UNKNOWN,UNKNOWN,H96 MAX RK3528
118,UNKNOWN,UNKNOWN,PS5 SPIELKONSOLE
119,UNKNOWN,UNKNOWN,PS5 GAME CONSOLE
120,UNKNOWN,UNKNOWN,NINTENDOSWITCH
121,UNKNOWN,UNKNOWN,VODAFONE TV
122,UNKNOWN,UNKNOWN,
123,UNKNOWN,UNKNOWN,PLAYSTATION 5
124,SONY HTS20R,SONY HTS20R,HT-S20R
125,UNKNOWN,UNKNOWN,HD+
126,UNKNOWN,UNKNOWN,
127,UNKNOWN,UNKNOWN,
128,UNKNOWN,UNKNOWN,LG CHANNELS
129,LG SJ3,LG SJ3,LG SJ3
130,PHILIPS TAB5305,PHILIPS TAB5305,PHILIPS TAB5305
131,UNKNOWN,UNKNOWN,PORTUGAL TELECOM BOX
132,UNKNOWN,UNKNOWN,TURKCELL SET ST KUTU
133,PHILIPS PHILIPSSOUNDBAR,UNKNOWN,PHILIPS DVD-PLAYER
134,SONOS ARC,UNKNOWN,SKY SET-TOP BOX
135,UNKNOWN,LG SN7,LG SN7CY
136,LG S70TY,LG S70TY,LG NS70TY
137,UNKNOWN,UNKNOWN,
138,UNKNOWN,UNKNOWN,
139,UNKNOWN,UNKNOWN,KPN DECODER
140,UNKNOWN,UNKNOWN,
141,SONOS ARC,UNKNOWN,SKY Q
142,UNKNOWN,UNKNOWN,TV IN WOONKAME
143,UNKNOWN,UNKNOWN,TELENETTVBOX
144,LG S40T,UNKNOWN,ORANGE FIBRE OPTIQUE BO TIER D CODEUR /BOX INTERNET
145,UNKNOWN,UNKNOWN,E-3052
146,UNKNOWN,UNKNOWN,HD+
147,SONY SONYSOUNDBAR,UNKNOWN,UBP-X700/K
148,UNKNOWN,UNKNOWN,SKY X SET-TOP-BOX
149,LG S40TR,LG S40TR,LG S40TR
150,HISENSE AX3100G,HISENSE AX3100G,HISENSE AX3100G
151,UNKNOWN,UNKNOWN,
152,UNKNOWN,UNKNOWN,
153,UNKNOWN,UNKNOWN,HD+
154,UNKNOWN,UNKNOWN,XBOX
155,UNKNOWN,UNKNOWN,WI-FI PREMIUM+
156,UNKNOWN,UNKNOWN,HT-SBW202
157,UNKNOWN,UNKNOWN,XBOX ONE GAME CONSOLE
158,UNKNOWN,UNKNOWN,PS3
159,UNKNOWN,UNKNOWN,XIAOMI BOX
160,LG S95TR,LG S95TR,LG S95TR
161,BOSE SMARTSB,UNKNOWN,BD PLAYER
162,UNKNOWN,UNKNOWN,
163,LG S90TY,LG S90TY,LG S90TY
164,UNKNOWN,UNKNOWN,VODAFONE TV
165,UNKNOWN,UNKNOWN,SKY Q
166,UNKNOWN,UNKNOWN,BD SYSTEM
167,UNKNOWN,UNKNOWN,
168,UNKNOWN,UNKNOWN,TURKCELL SET ST KUTU
169,UNKNOWN,LG S60TR,LG NS60TR
170,JBL CINEMASB170,JBL CINEMASB170,CINEMA SB170
171,LG S77TY,LG S77TY,LG DS77TY
172,UNKNOWN,UNKNOWN,FIRE TV STICK
173,UNKNOWN,UNKNOWN,
174,UNKNOWN,UNKNOWN,
175,UNKNOWN,UNKNOWN,
176,UNKNOWN,UNKNOWN,PLAYSTATION 5
177,UNKNOWN,UNKNOWN,
178,UNKNOWN,UNKNOWN,
179,UNKNOWN,UNKNOWN,TV SMART 4K BO
180,UNKNOWN,UNKNOWN,
181,UNKNOWN,UNKNOWN,AMAZON FIRETV
182,UNKNOWN,JBL BAR5.1,JBL BAR 5.1
183,UNKNOWN,UNKNOWN,
184,LG S60TR,LG S60TR,LG DS60TR
185,UNKNOWN,SONOS ARCULTRA,ARC ULTRA
186,BOSE BOSESOUNDBAR,BOSE BOSESOUNDBAR,BOSE SOUND BAR
187,UNKNOWN,UNKNOWN,SKY Q
188,SONY HTCT790,SONY HTCT790,HT-CT790
189,UNKNOWN,UNKNOWN,CHROMECAST
190,UNKNOWN,UNKNOWN,
191,UNKNOWN,UNKNOWN,
192,UNKNOWN,UNKNOWN,MEO BOX
193,UNKNOWN,UNKNOWN,BEIN
194,SAMSUNG SAMSUNGSOUNDBAR,UNKNOWN,XBOX 360 HERN KONZOLE
195,UNKNOWN,UNKNOWN,AMAZON FIRETV
196,UNKNOWN,UNKNOWN,CANAL+ APP
197,UNKNOWN,UNKNOWN,MAGENTATV ONE
198,UNKNOWN,UNKNOWN,VIP1113
199,UNKNOWN,UNKNOWN,DIGITURK SET ST KUTU
200,UNKNOWN,UNKNOWN,ZAPI2022
201,LG SC9S,UNKNOWN,SKY Q
202,UNKNOWN,UNKNOWN,VODAFONE TV
203,UNKNOWN,UNKNOWN,
204,UNKNOWN,UNKNOWN,LG CHANNELS
205,UNKNOWN,UNKNOWN,4K ULTRABOX+
206,SONOS BEAM,SONOS BEAM,SONOS BEAM
207,UNKNOWN,UNKNOWN,
208,UNKNOWN,UNKNOWN,AMAZON FIRE T
209,UNKNOWN,UNKNOWN,APPLE TV
210,UNKNOWN,UNKNOWN,XBOX GAME CONSOLE
211,UNKNOWN,UNKNOWN,HD+
212,UNKNOWN,UNKNOWN,
213,UNKNOWN,UNKNOWN,
214,LG LGSOUNDBAR,LG LGSOUNDBAR,SOUNDBAR
215,UNKNOWN,UNKNOWN,HD+
216,UNKNOWN,UNKNOWN,NOW TV
217,UNKNOWN,UNKNOWN,FIRE TV STICK
218,LG SC9S,UNKNOWN,SKY
219,UNKNOWN,UNKNOWN,PLAYSTATION 5
220,LG SE6S,UNKNOWN,SKY Q
221,UNKNOWN,UNKNOWN,HD+
222,UNKNOWN,UNKNOWN,XBOX ONE GAME CONSOLE
223,UNKNOWN,UNKNOWN,FIRE TV STICK
224,UNKNOWN,UNKNOWN,TV DEL SAL N
225,LG S70TY,LG S70TY,LG S70TY
226,UNKNOWN,UNKNOWN,
227,UNKNOWN,UNKNOWN,
228,UNKNOWN,UNKNOWN,EVOBOX 4K
229,UNKNOWN,UNKNOWN,PLAYSTATION 5
230,UNKNOWN,UNKNOWN,BEIN BO TIER D CODEUR /BOX INTERNET
231,UNKNOWN,UNKNOWN,AMAZON FIRE T
232,UNKNOWN,UNKNOWN,BP MS46BT
233,UNKNOWN,UNKNOWN,PLAYSTATION 5
234,UNKNOWN,UNKNOWN,CDV DECODER
235,UNKNOWN,UNKNOWN,
236,DENON DENONSOUNDBAR,UNKNOWN,AV RECEIVER
237,UNKNOWN,UNKNOWN,MY TV OTT
238,UNKNOWN,UNKNOWN,AMAZON FIRE T
239,UNKNOWN,UNKNOWN,SKY Q
240,UNKNOWN,UNKNOWN,
241,UNKNOWN,UNKNOWN,
242,UNKNOWN,UNKNOWN,
243,UNKNOWN,UNKNOWN,
244,UNKNOWN,UNKNOWN,TUMBI 1D
245,UNKNOWN,UNKNOWN,
246,UNKNOWN,UNKNOWN,AMINO STB
247,UNKNOWN,UNKNOWN,HD+
248,UNKNOWN,UNKNOWN,MOVISTAR TV DECODIFICADOR
249,YAMAHA YAMAHASOUNDBAR,UNKNOWN,RX-A1040
250,PANASONIC PANASONICSOUNDBAR,UNKNOWN,BD PLAYER
251,UNKNOWN,UNKNOWN,FIRE TV STICK
252,UNKNOWN,UNKNOWN,T L VISEUR DE
253,UNKNOWN,UNKNOWN,MUSIC FRAME
254,UNKNOWN,UNKNOWN,MAGYAR TELEKOM BELT RI EGYS G
255,UNKNOWN,UNKNOWN,
256,UNKNOWN,UNKNOWN,FIRE TV STICK
257,UNKNOWN,UNKNOWN,SKY SET-TOP-BOX
258,UNKNOWN,UNKNOWN,
259,UNKNOWN,UNKNOWN,APPLE TV
260,UNKNOWN,UNKNOWN,NINTENDOSWITCH
261,BOSE BOSESOUNDBAR,UNKNOWN,BOSE BARRE DE SON
262,UNKNOWN,UNKNOWN,FIRE TV STICK
263,UNKNOWN,UNKNOWN,TV+ TURKCELL SET ST KUTU
264,UNKNOWN,UNKNOWN,AMAZON FIRETV
265,UNKNOWN,UNKNOWN,FERNSEHER IM W
266,UNKNOWN,UNKNOWN,LG CHANNELS
267,LG LGSOUNDBAR,ETC OTHERSOUNDBAR,TEUFEL SOUNDBAR
268,UNKNOWN,UNKNOWN,EE TV
269,UNKNOWN,UNKNOWN,EE TV
270,UNKNOWN,UNKNOWN,
271,YAMAHA ATS10,UNKNOWN,BD PLAYER
272,UNKNOWN,UNKNOWN,
273,UNKNOWN,SONOS ARCULTRA,ARC ULTRA
274,UNKNOWN,UNKNOWN,FIRE TV STICK
275,UNKNOWN,UNKNOWN,AVC-X6700H
276,UNKNOWN,UNKNOWN,AUDIOSYSTEM
277,UNKNOWN,UNKNOWN,
278,UNKNOWN,UNKNOWN,ALTIBOX DIGITALBOKS
279,JBL BAR800M2,UNKNOWN,FIRE TV STICK
280,UNKNOWN,UNKNOWN,VODAFONE TV
281,UNKNOWN,UNKNOWN,PORTUGAL TELECOM BOX
282,UNKNOWN,UNKNOWN,
283,UNKNOWN,UNKNOWN,HECO ASCADA 2.0
284,UNKNOWN,UNKNOWN,
285,UNKNOWN,UNKNOWN,
286,UNKNOWN,UNKNOWN,STREAM BOX
287,UNKNOWN,UNKNOWN,HD+
288,LG S70TY,LG S70TY,LG S70TY
289,UNKNOWN,UNKNOWN,HD+
290,UNKNOWN,UNKNOWN,
291,UNKNOWN,UNKNOWN,HD+
292,UNKNOWN,UNKNOWN,HD+
293,UNKNOWN,UNKNOWN,MAGENTATV ONE
294,UNKNOWN,UNKNOWN,PLAYSTATION 5
295,UNKNOWN,UNKNOWN,LG CHANNELS
296,LG SG10TY,UNKNOWN,SKY Q
297,UNKNOWN,UNKNOWN,
298,UNKNOWN,UNKNOWN,BBOXTV
299,UNKNOWN,UNKNOWN,
300,UNKNOWN,UNKNOWN,
301,UNKNOWN,UNKNOWN,AMAZON FIRETV
302,UNKNOWN,UNKNOWN,M HOLD BELT RI EGYS G
303,UNKNOWN,UNKNOWN,
304,UNKNOWN,UNKNOWN,MIDDLETON
305,UNKNOWN,UNKNOWN,
306,UNKNOWN,UNKNOWN,
307,SAMSUNG HWQ930D,SAMSUNG HWQ930D,HW-Q930D N
308,UNKNOWN,UNKNOWN,
309,UNKNOWN,UNKNOWN,MAGYAR TELEKOM BELT RI EGYS G
310,UNKNOWN,UNKNOWN,POSEIDON D60
311,UNKNOWN,UNKNOWN,
312,UNKNOWN,UNKNOWN,DIGI BELT RI EGYS G
313,UNKNOWN,UNKNOWN,VODAFONE TV
314,UNKNOWN,UNKNOWN,FIRE TV STICK
315,UNKNOWN,UNKNOWN,
316,UNKNOWN,UNKNOWN,SKY Q SET-TOP BOX
317,DENON DHTS517,UNKNOWN,XBOX KONSOLA DO GIER
318,LG S90TY,UNKNOWN,AMAZON FIRETV
319,UNKNOWN,UNKNOWN,
320,UNKNOWN,UNKNOWN,BKH 272
321,UNKNOWN,UNKNOWN,CANAL+ POLSKA DEKODER
322,UNKNOWN,UNKNOWN,
323,UNKNOWN,UNKNOWN,
324,UNKNOWN,UNKNOWN,ARC ULTRA
325,UNKNOWN,UNKNOWN,
326,UNKNOWN,UNKNOWN,SKY Q SET-TOP BOX
327,UNKNOWN,UNKNOWN,LG CHANNELS
328,UNKNOWN,UNKNOWN,KPN DECODER
329,UNKNOWN,UNKNOWN,EC6109V1
330,UNKNOWN,UNKNOWN,MAGYAR TELEKOM BELT RI EGYS G
331,UNKNOWN,UNKNOWN,
332,SAMSUNG HWQ990B,UNKNOWN,APPLE TV
333,SAMSUNG HWQ990D,UNKNOWN,XBOX GAME CONSOLE
334,UNKNOWN,UNKNOWN,
335,PHILIPS TAB6309,UNKNOWN,KPN DECODER
336,UNKNOWN,UNKNOWN,EVOBOX STREAM
337,LG S20A,UNKNOWN,SKY Q
338,UNKNOWN,UNKNOWN,PLAYSTATION 5
339,UNKNOWN,UNKNOWN,SAMSUNG WIRELESS AUDIO
340,UNKNOWN,UNKNOWN,HD+
341,UNKNOWN,UNKNOWN,
342,SONY HTZF9,UNKNOWN,SHIELD
343,UNKNOWN,UNKNOWN,BEIN SET-TOP BOX
344,UNKNOWN,UNKNOWN,FIRE TV STICK
345,UNKNOWN,UNKNOWN,PHILIPS MMS2220B
346,UNKNOWN,UNKNOWN,MARIE
347,UNKNOWN,UNKNOWN,FIRE TV STICK
348,UNKNOWN,UNKNOWN,
349,LG SC9S,LG SC9S,LG SC9S
350,UNKNOWN,UNKNOWN,AMAZON FIRETV
351,UNKNOWN,UNKNOWN,LG LAS355B
352,UNKNOWN,UNKNOWN,
353,UNKNOWN,UNKNOWN,LG CHANNELS
354,UNKNOWN,UNKNOWN,FREEBOX PLAYE
355,UNKNOWN,UNKNOWN,
356,UNKNOWN,UNKNOWN,DESCODIFICADOR
357,UNKNOWN,UNKNOWN,APPLE TV
358,LG LGSOUNDBAR,UNKNOWN,APPLE TV
359,UNKNOWN,UNKNOWN,DIGITURK SET ST KUTU
360,PHILIPS HTL3110,UNKNOWN,APPLE TV
361,UNKNOWN,UNKNOWN,
362,UNKNOWN,UNKNOWN,
363,UNKNOWN,UNKNOWN,FERNSEHER IM W
364,SAMSUNG SAMSUNGSOUNDBAR,UNKNOWN,EE TV
365,UNKNOWN,UNKNOWN,DEUTSCHE TELEKOM SET-TOP-BOX
366,UNKNOWN,UNKNOWN,AMAZON FIRE T
367,UNKNOWN,UNKNOWN,RAUMFELD
368,SONOS BEAM,UNKNOWN,CHROMECAST
369,LG S77TY,LG S77TY,LG DS77TY
370,UNKNOWN,UNKNOWN,VODAFONE TV DECODIFICADOR
371,UNKNOWN,SONOS ARCULTRA,ARC ULTRA
372,UNKNOWN,UNKNOWN,FREEBOX PLAYER
373,UNKNOWN,UNKNOWN,TV IN WOONKAME
374,UNKNOWN,UNKNOWN,FJERNSYN I SO
375,UNKNOWN,UNKNOWN,
376,UNKNOWN,UNKNOWN,XBOX GAME CONSOLE
377,UNKNOWN,UNKNOWN,TV HUB MINI
378,UNKNOWN,UNKNOWN,
379,UNKNOWN,UNKNOWN,
380,UNKNOWN,UNKNOWN,
381,UNKNOWN,UNKNOWN,
382,UNKNOWN,UNKNOWN,PLAYSTATION 4
383,UNKNOWN,UNKNOWN,RX-V6A
384,JBL BAR1000,JBL BAR1000,JBL BAR 1000
385,UNKNOWN,UNKNOWN,
386,LG SJ3,LG SJ3,LG SJ3
387,UNKNOWN,UNKNOWN,TELEWIZOR W SA
388,LG SNH5,UNKNOWN,DIGITURK SET ST KUTU
389,UNKNOWN,UNKNOWN,SY-BT1632
390,UNKNOWN,UNKNOWN,
391,UNKNOWN,UNKNOWN,
392,UNKNOWN,UNKNOWN,FIRE TV STICK
393,UNKNOWN,UNKNOWN,AMAZON FIRETV
394,UNKNOWN,UNKNOWN,
395,PANASONIC PANASONICSOUNDBAR,UNKNOWN,HIWAY
396,UNKNOWN,UNKNOWN,PS5 GAME CONSOLE
397,UNKNOWN,UNKNOWN,MAGYAR TELEKOM BELT RI EGYS G
398,JBL BAR9.1,UNKNOWN,SHIELD
399,UNKNOWN,UNKNOWN,AVR-X2700H
400,UNKNOWN,UNKNOWN,ULT WEAR
401,UNKNOWN,UNKNOWN,FRESH REBEL 3AHP201
402,UNKNOWN,UNKNOWN,FIRE TV STICK
403,UNKNOWN,UNKNOWN,BOX TV
404,UNKNOWN,UNKNOWN,BOSE QC ULTRA HEADPHONES
405,UNKNOWN,UNKNOWN,
406,UNKNOWN,UNKNOWN,
407,UNKNOWN,UNKNOWN,BOSE QC HEADPHONES
408,UNKNOWN,UNKNOWN,AMAZON FIRE T
409,UNKNOWN,UNKNOWN,MEDIABOX 2
410,UNKNOWN,UNKNOWN,
411,UNKNOWN,UNKNOWN,SKY Q
412,UNKNOWN,UNKNOWN,HT-SF200/201
413,LG SC9S,LG SC9S,LG USC9S
414,UNKNOWN,UNKNOWN,PLAYSTATION 5
415,LG S80TR,LG S80TR,LG DS80TR
416,UNKNOWN,UNKNOWN,B O THEATRE
417,UNKNOWN,UNKNOWN,CHROMECAST HD
418,UNKNOWN,UNKNOWN,
419,UNKNOWN,UNKNOWN,
420,LG S80TR,LG S80TY,LG S80TY
421,UNKNOWN,UNKNOWN,
422,UNKNOWN,UNKNOWN,
423,UNKNOWN,UNKNOWN,SOUNDCORE AEROFIT 2
424,UNKNOWN,UNKNOWN,
425,UNKNOWN,UNKNOWN,622539
426,UNKNOWN,UNKNOWN,
427,UNKNOWN,UNKNOWN,DEKODER 4K MUL
428,UNKNOWN,UNKNOWN,APPLE TV
429,BOSE SOUNDBAR900,BOSE SOUNDBAR900,SOUNDBAR 900
430,UNKNOWN,UNKNOWN,OTETV SET-TOP BOX
431,UNKNOWN,UNKNOWN,FIRE TV STICK
432,UNKNOWN,UNKNOWN,
433,UNKNOWN,UNKNOWN,
434,UNKNOWN,SONOS ARC,SONOS ARC
435,UNKNOWN,UNKNOWN,
436,DENON DENONSOUNDBAR,UNKNOWN,BD PLAYER
437,UNKNOWN,UNKNOWN,APPLE TV
438,UNKNOWN,UNKNOWN,HD+
439,UNKNOWN,UNKNOWN,LG CHANNELS
440,UNKNOWN,UNKNOWN,BEOSOUND LEVEL-37354608
441,LG SQC1,LG SQC1,LG SQC1
442,UNKNOWN,UNKNOWN,
443,UNKNOWN,UNKNOWN,PS5 CONSOLA DE JUEGOS
444,UNKNOWN,UNKNOWN,SFR BO TIER D CODEUR /BOX INTERNET
445,UNKNOWN,UNKNOWN,VODAFONE KABEL DEUTSCHLAND DEKODER
446,UNKNOWN,UNKNOWN,
447,UNKNOWN,UNKNOWN,SKY Q
448,UNKNOWN,UNKNOWN,SKY
449,UNKNOWN,UNKNOWN,AMAZON FIRETV
450,UNKNOWN,UNKNOWN,
451,UNKNOWN,UNKNOWN,PO TA
452,LG SC9S,LG SC9S,LG USC9S
453,UNKNOWN,UNKNOWN,AIRPODS PRO
454,UNKNOWN,UNKNOWN,CRYSTAL AUDIO CASB240HD
455,LG S40TR,LG S40TR,LG S40TR
456,UNKNOWN,UNKNOWN,MY-HD
457,UNKNOWN,UNKNOWN,VIP1113
458,UNKNOWN,UNKNOWN,BOSE SOUNDLIN
459,LG SG10TY,LG SG10TY,LG DSG10TY
460,LG S95TR,UNKNOWN,AMAZON FIRETV
461,LG S77TY,UNKNOWN,FREEBOX PLAYE
462,UNKNOWN,UNKNOWN,APPLE TV
463,LG S90TY,LG S90TY,LG DS90TY
464,UNKNOWN,UNKNOWN,AMAZON FIRETV
465,UNKNOWN,UNKNOWN,
466,UNKNOWN,UNKNOWN,MAGENTATV ONE
467,UNKNOWN,UNKNOWN,YQ-88C
468,UNKNOWN,UNKNOWN,
469,UNKNOWN,UNKNOWN,
470,UNKNOWN,UNKNOWN,PS4 SPIELKONSOLE
471,UNKNOWN,UNKNOWN,
472,UNKNOWN,UNKNOWN,
473,UNKNOWN,UNKNOWN,
474,UNKNOWN,UNKNOWN,APPLE TV
475,UNKNOWN,UNKNOWN,WAIPU TV STICK
476,UNKNOWN,UNKNOWN,
477,UNKNOWN,UNKNOWN,DIGITURK SET ST KUTU
478,UNKNOWN,UNKNOWN,PLAYSTATION 5
479,UNKNOWN,UNKNOWN,
480,UNKNOWN,UNKNOWN,HD+
481,LG S40TR,UNKNOWN,SF8008
482,UNKNOWN,UNKNOWN,KPN DECODER
483,UNKNOWN,UNKNOWN,
484,UNKNOWN,UNKNOWN,
485,UNKNOWN,UNKNOWN,
486,UNKNOWN,UNKNOWN,MUSE M-282 CTV
487,UNKNOWN,UNKNOWN,SKY Q
488,UNKNOWN,UNKNOWN,SKY Q
489,UNKNOWN,UNKNOWN,MEDIABOX 1
490,SAMSUNG HWQ800H,UNKNOWN,AVR-X2800H
491,UNKNOWN,UNKNOWN,PLAYSTATION 5
492,UNKNOWN,UNKNOWN,SKYLINK CZ
493,UNKNOWN,UNKNOWN,
494,UNKNOWN,UNKNOWN,XIAOMI TV KUTU
495,UNKNOWN,UNKNOWN,
496,UNKNOWN,UNKNOWN,DAGLIGSTUE
497,UNKNOWN,UNKNOWN,4K ULTRABOX+
498,UNKNOWN,UNKNOWN,ECHO DOT-FTC
499,UNKNOWN,UNKNOWN,FRESH REBEL 3AHP211
500,UNKNOWN,UNKNOWN,
501,UNKNOWN,UNKNOWN,CANAL PLUS BO
502,UNKNOWN,UNKNOWN,
503,LG S40T,LG S40T,LG US40T
504,SONOS AMP,UNKNOWN,AMINO STB
505,UNKNOWN,UNKNOWN,HD+
506,LG S60T,LG S60T,LG S60T
507,UNKNOWN,UNKNOWN,VODAFONE TV
508,UNKNOWN,UNKNOWN,PLAYSTATION 5
509,UNKNOWN,UNKNOWN,
510,UNKNOWN,UNKNOWN,HD+
511,UNKNOWN,UNKNOWN,
512,UNKNOWN,UNKNOWN,TELENOR DEKODER
513,UNKNOWN,UNKNOWN,
514,UNKNOWN,UNKNOWN,UMA
515,UNKNOWN,UNKNOWN,AIRPODS PRO - FI
516,UNKNOWN,UNKNOWN,MOVISTAR+
517,UNKNOWN,UNKNOWN,MOVISTAR TV DECODIFICADOR
518,UNKNOWN,UNKNOWN,
519,UNKNOWN,UNKNOWN,VIRGIN TV 1
520,UNKNOWN,UNKNOWN,
521,UNKNOWN,UNKNOWN,LG CHANNELS
522,UNKNOWN,UNKNOWN,HONOR CHOICE EARBUDS S7
523,UNKNOWN,UNKNOWN,APPLE TV
524,UNKNOWN,UNKNOWN,CHROMECAST
525,UNKNOWN,UNKNOWN,VIRGIN TV
526,UNKNOWN,UNKNOWN,LG OM4560
527,UNKNOWN,UNKNOWN,LG CHANNELS
528,PANASONIC SCHTB100,PANASONIC SCHTB100,SC-HTB100
529,UNKNOWN,UNKNOWN,AMAZON FIRETV
530,UNKNOWN,UNKNOWN,FIRE TV STICK
531,LG S40TR,LG S40TR,LG US40TR
532,UNKNOWN,UNKNOWN,LG CHANNELS
533,UNKNOWN,UNKNOWN,
534,UNKNOWN,UNKNOWN,SHIELD
535,UNKNOWN,UNKNOWN,
536,UNKNOWN,UNKNOWN,AIRPODS PRO - FIND M
537,UNKNOWN,UNKNOWN,
538,UNKNOWN,UNKNOWN,SKY SET-TOP BOX
539,UNKNOWN,UNKNOWN,HD+
540,UNKNOWN,UNKNOWN,
541,UNKNOWN,UNKNOWN,PLAYSTATION 5
542,UNKNOWN,UNKNOWN,VIRGIN TV
543,UNKNOWN,SONOS ARCULTRA,ARC ULTRA
544,UNKNOWN,UNKNOWN,AMAZON FIRETV
545,SONOS BEAM,UNKNOWN,PS4 SPELKONSOL
546,SONOS BEAM,UNKNOWN,FIRE TV STICK
547,UNKNOWN,UNKNOWN,
548,UNKNOWN,UNKNOWN,DR58
549,UNKNOWN,BOSE SMARTULTRA,BOSESMARTULTRA
550,UNKNOWN,UNKNOWN,JBL CLIP 4
551,UNKNOWN,UNKNOWN,AMAZON FIRE T
552,UNKNOWN,UNKNOWN,AMAZON FIRETV
553,UNKNOWN,UNKNOWN,TD-TW16
554,UNKNOWN,UNKNOWN,XBOX ONE CONSOLA DE JOC
555,UNKNOWN,UNKNOWN,XBOX
556,UNKNOWN,UNKNOWN,LG CHANNELS
557,BOSE LIFESTYLE135,UNKNOWN,BOSE LIFESTYLE
558,UNKNOWN,UNKNOWN,DMP-PLAY
559,UNKNOWN,UNKNOWN,HD+
560,UNKNOWN,UNKNOWN,
561,SONOS ARC,UNKNOWN,TELENETTVBOX
562,UNKNOWN,UNKNOWN,VIRGIN SET-TOP BOX
563,UNKNOWN,HARMAN ENCHANT800,ENCHANT 900
564,UNKNOWN,UNKNOWN,TELENOR DIGITALBOKS
565,UNKNOWN,UNKNOWN,HTR-3072
566,UNKNOWN,UNKNOWN,
567,HISENSE HS2100,UNKNOWN,TELENOR DIGITALBOKS
568,UNKNOWN,UNKNOWN,
569,UNKNOWN,UNKNOWN,SKY Q
570,UNKNOWN,UNKNOWN,JABRA EVOLVE2 75
571,UNKNOWN,UNKNOWN,FVP-4KGTR
572,UNKNOWN,UNKNOWN,
573,UNKNOWN,UNKNOWN,
574,UNKNOWN,UNKNOWN,
575,LG S70TY,LG S70TY,LG S70TY
576,UNKNOWN,UNKNOWN,
577,UNKNOWN,UNKNOWN,
578,UNKNOWN,UNKNOWN,VODAFONE TV DECODIFICADOR
579,UNKNOWN,UNKNOWN,SKY Q
580,UNKNOWN,UNKNOWN,BOUYGUES TELECOM BO TIER D CODEUR /BOX INTERNET
581,HISENSE HS3100,HISENSE HS3100,HS3100
582,UNKNOWN,UNKNOWN,
583,UNKNOWN,UNKNOWN,PLAYSTATION 5
584,DENON DHTS517,DENON DHTS517,DHT-S517
585,UNKNOWN,UNKNOWN,PLAYSTATION 5
586,UNKNOWN,UNKNOWN,TV DA SALA DE
587,UNKNOWN,UNKNOWN,
588,UNKNOWN,UNKNOWN,PS5 J T KKONZOL
589,UNKNOWN,UNKNOWN,APPLE TV
590,SONOS ARC,UNKNOWN,APPLE TV
591,UNKNOWN,UNKNOWN,HD+
592,UNKNOWN,UNKNOWN,HD+
593,LG S20A,LG S20A,LG US20A
594,UNKNOWN,UNKNOWN,
595,UNKNOWN,UNKNOWN,EVOBOX LITE
596,UNKNOWN,UNKNOWN,NAPPALI
597,UNKNOWN,UNKNOWN,
598,UNKNOWN,UNKNOWN,SKY Q
599,UNKNOWN,UNKNOWN,
600,UNKNOWN,UNKNOWN,
601,UNKNOWN,UNKNOWN,
602,UNKNOWN,UNKNOWN,MEO BOX
603,UNKNOWN,UNKNOWN,
604,UNKNOWN,UNKNOWN,MEDIABOX
605,UNKNOWN,UNKNOWN,
606,UNKNOWN,UNKNOWN,MEDIABOX
607,UNKNOWN,UNKNOWN,SKY SET-TOP BOX
608,UNKNOWN,UNKNOWN,
609,UNKNOWN,UNKNOWN,
610,LG S77TY,LG S77TY,LG NS77TY
611,UNKNOWN,UNKNOWN,
612,UNKNOWN,UNKNOWN,
613,UNKNOWN,UNKNOWN,PLAYSTATION 5
614,UNKNOWN,YAMAHA ATS2090 ,ATS-2090
615,UNKNOWN,UNKNOWN,
616,UNKNOWN,UNKNOWN,
617,JBL CINEMASB560,JBL CINEMASB560,CINEMA SB560
618,UNKNOWN,UNKNOWN,
619,BOSE SMARTULTRA,UNKNOWN,VIRGIN TV 1
620,HISENSE AX5125H,HISENSE AX5125H,AX 5125H
621,UNKNOWN,UNKNOWN,
622,UNKNOWN,UNKNOWN,
623,UNKNOWN,UNKNOWN,
624,UNKNOWN,UNKNOWN,CHROMECAST
625,UNKNOWN,UNKNOWN,SKY
626,UNKNOWN,UNKNOWN,T-HOME BELT RI EGYS G
627,UNKNOWN,UNKNOWN,D-PHONAK APPARECCHIO ACUSTICO
628,BOSE SOUNDBAR500,BOSE SOUNDBAR500,SOUNDBAR 500
629,UNKNOWN,UNKNOWN,KPN DECODER
630,UNKNOWN,UNKNOWN,
631,UNKNOWN,UNKNOWN,
632,UNKNOWN,UNKNOWN,SKY Q
633,SAMSUNG HWQ800F,SAMSUNG HWQ800F,HW-Q800F
634,UNKNOWN,UNKNOWN,RT-G2
635,JBL CINEMASB580,JBL CINEMASB580,CINEMA SB580
636,UNKNOWN,UNKNOWN,
637,UNKNOWN,UNKNOWN,
638,LG S70TR,LG S70TR,LG NS70TR
639,UNKNOWN,UNKNOWN,HT-G700
640,UNKNOWN,UNKNOWN,SALON
641,UNKNOWN,UNKNOWN,FIRE TV STICK
642,UNKNOWN,UNKNOWN,
643,UNKNOWN,UNKNOWN,SKY SD SET-TOP BOX
644,PHILIPS PHILIPSSOUNDBAR,PHILIPS PHILIPSSOUNDBAR,PHILIPS HTB
645,PHILIPS TAB5109,PHILIPS TAB5109,PHILIPS B5109
646,UNKNOWN,UNKNOWN,VIRGIN TV
647,UNKNOWN,UNKNOWN,PLAYSTATION 5
648,UNKNOWN,UNKNOWN,TTNET SET ST KUTU
649,BOSE SMARTSB,UNKNOWN,EON SMART BOX
650,UNKNOWN,UNKNOWN,DV8547 AVATEL
651,UNKNOWN,UNKNOWN,JBL TUNE 720BT
652,UNKNOWN,UNKNOWN,AMAZON FIRE T
653,BOSE TVSPKR,BOSE TVSPKR,BOSE TV SPKR
654,UNKNOWN,UNKNOWN,HD+
655,UNKNOWN,UNKNOWN,
656,UNKNOWN,UNKNOWN,VIETA PRO WAY 5
657,UNKNOWN,UNKNOWN,LAMINITK
658,UNKNOWN,UNKNOWN,LG CHANNELS
659,UNKNOWN,UNKNOWN,SUNRISE TV
660,LG SC9S,LG SC9S,LG DSC9S
661,UNKNOWN,UNKNOWN,LG CHANNELS
662,UNKNOWN,UNKNOWN,SKY Q SET-TOP BOX
663,UNKNOWN,UNKNOWN,STB
664,DENON DENONSOUNDBAR,UNKNOWN,AVR-X2700H
665,UNKNOWN,UNKNOWN,
666,UNKNOWN,UNKNOWN,TEUFEL CS 42
667,UNKNOWN,UNKNOWN,XBOX
668,UNKNOWN,UNKNOWN,EE TV
669,UNKNOWN,UNKNOWN,VIP7802
670,UNKNOWN,UNKNOWN,PS4 CONSOLA DE JUEGOS
671,UNKNOWN,UNKNOWN,LG CHANNELS
672,UNKNOWN,UNKNOWN,RX-V779
673,UNKNOWN,UNKNOWN,SKY Q
674,UNKNOWN,UNKNOWN,
675,UNKNOWN,UNKNOWN,BD SYSTEM
676,UNKNOWN,UNKNOWN,
677,UNKNOWN,UNKNOWN,
678,UNKNOWN,UNKNOWN,LG CHANNELS
679,UNKNOWN,UNKNOWN,
680,LG SQC1,LG SQC1,LG SQC1
681,UNKNOWN,UNKNOWN,
682,UNKNOWN,UNKNOWN,SKY Q
683,UNKNOWN,UNKNOWN,SKY
684,UNKNOWN,LG S77TY,LG NS77TY
685,UNKNOWN,UNKNOWN,FIRE TV STICK
686,UNKNOWN,UNKNOWN,
687,UNKNOWN,UNKNOWN,SATELLIT
688,LG S20A,UNKNOWN,NINTENDOSWITCH
689,UNKNOWN,UNKNOWN,
690,LG S90TR,LG S90TR,LG DS90TR
691,UNKNOWN,UNKNOWN,LIVING ROOM TV
692,UNKNOWN,UNKNOWN,AMAZON FIRETV
693,UNKNOWN,UNKNOWN,SKY Q
694,UNKNOWN,UNKNOWN,AMAZON FIRE T
695,UNKNOWN,UNKNOWN,HD+
696,UNKNOWN,UNKNOWN,BEDROOM
697,UNKNOWN,LG SC9S,LG SPEAKER SC9S 4449
698,UNKNOWN,UNKNOWN,
699,UNKNOWN,UNKNOWN,VIRGIN SET-TOP BOX
700,UNKNOWN,UNKNOWN,FIRE TV STICK
701,UNKNOWN,UNKNOWN,BOSE REVOLVE II SOUNDLINK
702,UNKNOWN,UNKNOWN,PLAYSTATION 5
703,LG S95TR,UNKNOWN,LG REPRODUCTOR DE DVD
704,UNKNOWN,UNKNOWN,EVOBOX PVR
705,UNKNOWN,UNKNOWN,HD+
706,UNKNOWN,UNKNOWN,POLK REACT
707,UNKNOWN,UNKNOWN,REDMI BUDS 4 LITE
708,UNKNOWN,UNKNOWN,
709,LG S70TY,UNKNOWN,SKY Q
710,UNKNOWN,SAMSUNG HWM4500,AV SAMSUNG SOUNDBAR M4500 M-SERIES
711,LG S40T,LG S40T,LG S40T
712,UNKNOWN,UNKNOWN,
713,UNKNOWN,UNKNOWN,WIIM MINI-OLKKARI
714,LG SQC2,LG SQC2,LG SQC2
715,LG S70TR,LG S70TR,LG S70TR
716,UNKNOWN,UNKNOWN,XBOX KONSOLA DO GIER
717,UNKNOWN,UNKNOWN,
718,LG S95TR,LG S95TR,LG S95TR
719,SONOS BEAM,SONOS BEAM,SONOS BEAM
720,UNKNOWN,UNKNOWN,ORANGE FIBRE OPTIQUE BO TIER D CODEUR /BOX INTERNET
721,UNKNOWN,UNKNOWN,FIRE TV STICK
722,UNKNOWN,UNKNOWN,FIRE TV STICK
723,UNKNOWN,UNKNOWN,APPLE TV
724,UNKNOWN,UNKNOWN,
725,UNKNOWN,UNKNOWN,AMAZON FIRE T
726,UNKNOWN,UNKNOWN,AV SAMSUNG SOUNDBAR Q70T
727,UNKNOWN,UNKNOWN,AMAZON OTT
728,UNKNOWN,UNKNOWN,SKY
729,UNKNOWN,UNKNOWN,DIGITURK SET ST KUTU
730,SONOS BEAM,SONOS BEAM,SONOS BEAM
731,UNKNOWN,UNKNOWN,DIGI R2A
732,UNKNOWN,UNKNOWN,AIRPODS PRO
733,UNKNOWN,UNKNOWN,
734,UNKNOWN,UNKNOWN,AMAZON FIRETV
735,UNKNOWN,UNKNOWN,PS5
736,UNKNOWN,UNKNOWN,
737,UNKNOWN,UNKNOWN,TV IN WOONKAME
738,UNKNOWN,UNKNOWN,HD+
739,UNKNOWN,UNKNOWN,NINTENDOSWITCH
740,UNKNOWN,UNKNOWN,MAGENTATV ONE
741,UNKNOWN,UNKNOWN,
742,SONY HTMT500,SONY HTMT500,HT-MT500/501
743,UNKNOWN,UNKNOWN,FREEBOX PLAYE
744,UNKNOWN,UNKNOWN,JANI AIRPODS - FIND MY
745,UNKNOWN,UNKNOWN,JBL XTREME 3
746,UNKNOWN,UNKNOWN,
747,UNKNOWN,UNKNOWN,
748,UNKNOWN,UNKNOWN,SKY Q
749,UNKNOWN,UNKNOWN,MOVISTAR TV
750,UNKNOWN,UNKNOWN,MITV-AESP0 9272
751,UNKNOWN,UNKNOWN,CONNECT TV DE
752,UNKNOWN,UNKNOWN,CREATIVE STAGE
753,UNKNOWN,UNKNOWN,
754,BOSE SOUNDBAR500,BOSE SOUNDBAR500,SOUNDBAR 500
755,BOSE SOUNDTOUCH300,BOSE SOUNDTOUCH300,SOUNDTOUCH 300
756,UNKNOWN,UNKNOWN,SKY DEUTSCHLAND SET-TOP-BOX
757,UNKNOWN,UNKNOWN,UMA
758,UNKNOWN,UNKNOWN,
759,UNKNOWN,UNKNOWN,
760,UNKNOWN,UNKNOWN,
761,UNKNOWN,UNKNOWN,XBOX GAME CONSOLE
762,UNKNOWN,UNKNOWN,BD SYSTEM
763,UNKNOWN,UNKNOWN,
764,UNKNOWN,UNKNOWN,FIRE TV STICK
765,UNKNOWN,UNKNOWN,MINIX OTT
766,UNKNOWN,UNKNOWN,
767,HARMAN CITATIONMB,HARMAN CITATIONMB,CITATION MB
768,UNKNOWN,UNKNOWN,EVOBOX 4K
769,LG SC9S,LG SC9S,LG DSC9S
770,UNKNOWN,UNKNOWN,
771,LG S70TY,LG S70TY,LG S70TY
772,UNKNOWN,UNKNOWN,AMAZON FIRE T
773,UNKNOWN,UNKNOWN,FIRE TV STICK
774,UNKNOWN,UNKNOWN,PS5 GAME CONSOLE
775,UNKNOWN,UNKNOWN,VIRGIN SET-TOP BOX
776,UNKNOWN,UNKNOWN,TV STICK
777,UNKNOWN,UNKNOWN,BUDS FE DI ALESSANDRO
778,UNKNOWN,UNKNOWN,
779,JBL CINEMASB580,JBL CINEMASB580,CINEMA SB580
780,LG S60T,UNKNOWN,SFR BO TIER D CODEUR /BOX INTERNET
781,UNKNOWN,UNKNOWN,HD+
782,UNKNOWN,UNKNOWN,ECHO SHOW 5-B8W
783,UNKNOWN,UNKNOWN,MARTYN AIRPODS - FIND MY
784,UNKNOWN,UNKNOWN,
785,UNKNOWN,UNKNOWN,LG-SQM1
786,UNKNOWN,UNKNOWN,
787,UNKNOWN,UNKNOWN,
788,UNKNOWN,UNKNOWN,FIRE TV STICK
789,UNKNOWN,UNKNOWN,BP MS50BT
790,UNKNOWN,UNKNOWN,
791,UNKNOWN,UNKNOWN,
792,UNKNOWN,UNKNOWN,VODAFONE SET-TOP BOX
793,JBL CINEMASB550,JBL CINEMASB550,CINEMA SB550
794,UNKNOWN,SONY HTG700,HT-G700
795,LG SH5A,LG SH5A,LG SH5A
796,UNKNOWN,UNKNOWN,AMAZON FIRE T
797,UNKNOWN,UNKNOWN,AMAZON FIRETV
798,UNKNOWN,UNKNOWN,
799,UNKNOWN,UNKNOWN,AMAZON FIRE TV STICK
800,UNKNOWN,UNKNOWN,PS3
801,UNKNOWN,UNKNOWN,
802,UNKNOWN,UNKNOWN,KPN DECODER
803,UNKNOWN,UNKNOWN,ESSB MS-E-200-D
804,UNKNOWN,UNKNOWN,YOUSEE TV
805,UNKNOWN,UNKNOWN,VODAFONE TV DECODIFICADOR
806,UNKNOWN,UNKNOWN,TV HUB
807,UNKNOWN,UNKNOWN,
808,LG S77TY,LG S77TY,LG NS77TY
809,UNKNOWN,UNKNOWN,
810,UNKNOWN,UNKNOWN,
811,UNKNOWN,UNKNOWN,AMAZON FIRETV
812,UNKNOWN,UNKNOWN,EVOBOX PVR
813,UNKNOWN,YAMAHA YAS209,YAS-209
814,UNKNOWN,UNKNOWN,SKY
815,UNKNOWN,UNKNOWN,4K ULTRABOX+
816,UNKNOWN,UNKNOWN,
817,UNKNOWN,UNKNOWN,VIRGIN TV
818,UNKNOWN,UNKNOWN,APPLE TV
819,SONOS BEAM,SONOS BEAM,SONOS BEAM
820,UNKNOWN,UNKNOWN,
821,UNKNOWN,UNKNOWN,MAAK LOS
822,DENON DENONSOUNDBAR,UNKNOWN,XBOX CONSOLE GIOCHI
823,UNKNOWN,UNKNOWN,XBOX
824,LG S95TR,LG S95TR,LG DS95TR
825,UNKNOWN,UNKNOWN,XBOX ONE CONSOLE GIOCHI
826,UNKNOWN,UNKNOWN,AUDIO SYSTEM
827,JBL BAR1300M2,UNKNOWN,APPLE TV
828,UNKNOWN,UNKNOWN,SOUNDCORE BOOM 2
829,UNKNOWN,UNKNOWN,FIRE TV STICK
830,UNKNOWN,UNKNOWN,FERNSEHER IM S
831,UNKNOWN,SONY HTS20R,HT-S20R
832,UNKNOWN,UNKNOWN,PS5 SPIELKONSOLE
833,JBL BAR5.1,JBL BAR5.1,JBL BAR 5.1
834,LG SC9S,LG SC9S,LG SC9S
835,UNKNOWN,UNKNOWN,WII
836,UNKNOWN,UNKNOWN,EE TV
837,UNKNOWN,UNKNOWN,
838,UNKNOWN,UNKNOWN,WOHNZIMMER
839,LG SC9S,UNKNOWN,TALKTALK SET-TOP BOX
840,SONOS BEAM,UNKNOWN,TV IN WOONKAME
841,UNKNOWN,UNKNOWN,FIRE TV STICK
842,UNKNOWN,UNKNOWN,TV-BOX 1
843,UNKNOWN,UNKNOWN,PLAY BOX TV
844,UNKNOWN,UNKNOWN,PLAYSTATION 5
845,UNKNOWN,UNKNOWN,
846,UNKNOWN,UNKNOWN,
847,UNKNOWN,UNKNOWN,
848,LG S70TR,UNKNOWN,EE TV
849,UNKNOWN,UNKNOWN,EVOBOX STREAM
850,UNKNOWN,UNKNOWN,TELIA TV
851,LG SC9S,UNKNOWN,EE TV
852,UNKNOWN,UNKNOWN,
853,UNKNOWN,UNKNOWN,
854,LG SG10TY,LG SG10TY,LG DSG10TY
855,UNKNOWN,UNKNOWN,BEIN BO TIER D CODEUR /BOX INTERNET
856,UNKNOWN,UNKNOWN,
857,UNKNOWN,UNKNOWN,APPLE TV
858,UNKNOWN,UNKNOWN,APPLE TV
859,UNKNOWN,UNKNOWN,
860,UNKNOWN,UNKNOWN,AMAZON FIRETV
861,UNKNOWN,UNKNOWN,
862,UNKNOWN,UNKNOWN,AMAZON FIRE T
863,UNKNOWN,UNKNOWN,
864,UNKNOWN,UNKNOWN,
865,UNKNOWN,UNKNOWN,WH-CH720N
866,UNKNOWN,SONOS ARCULTRA,ARC ULTRA
867,UNKNOWN,UNKNOWN,SKY
868,LG S40T,LG S40T,LG DS40T
869,UNKNOWN,UNKNOWN,SKY
870,UNKNOWN,UNKNOWN,
871,UNKNOWN,UNKNOWN,HD+
872,UNKNOWN,UNKNOWN,SKY
873,LG SC9S,UNKNOWN,VIRGIN SET-TOP BOX
874,UNKNOWN,UNKNOWN,HD+
875,UNKNOWN,UNKNOWN,
876,UNKNOWN,UNKNOWN,APPLE TV
877,UNKNOWN,UNKNOWN,
878,UNKNOWN,UNKNOWN,
879,UNKNOWN,UNKNOWN,
880,UNKNOWN,UNKNOWN,VODAFONE TV
881,UNKNOWN,UNKNOWN,NOS BOX
882,UNKNOWN,UNKNOWN,
883,LG S95TR,UNKNOWN,AMAZON FIRETV
884,UNKNOWN,UNKNOWN,
885,UNKNOWN,UNKNOWN,PLAYSTATION 5
886,SONOS BEAM,UNKNOWN,VODAFONE TV
887,UNKNOWN,UNKNOWN,
888,UNKNOWN,UNKNOWN,FIRE TV STICK
889,UNKNOWN,UNKNOWN,DECODEUR TV 6
890,UNKNOWN,UNKNOWN,PS4 CONSOLE GIOCHI
891,UNKNOWN,UNKNOWN,AMAZON FIRE T
892,UNKNOWN,UNKNOWN,
893,UNKNOWN,UNKNOWN,HD+
894,LG S80TR,LG S80TY,LG S80TY
895,UNKNOWN,UNKNOWN,MEDIABOX
896,UNKNOWN,UNKNOWN,MEO BOX
897,SAMSUNG SAMSUNGSOUNDBAR,UNKNOWN,ZIGGO DECODER
898,UNKNOWN,UNKNOWN,FREEBOX PLAYE
899,UNKNOWN,UNKNOWN,
900,SONOS BEAM,SONOS BEAM,SONOS BEAM
901,LG S95TR,LG S95TR,LG DS95TR
902,UNKNOWN,UNKNOWN,TV I STUEN
903,PHILIPS HTL2163,PHILIPS HTL2163,HTL2163
904,UNKNOWN,UNKNOWN,VODAFONE TV PL
905,UNKNOWN,UNKNOWN,LG HOME THEATRE
906,UNKNOWN,UNKNOWN,SKY Q
907,UNKNOWN,UNKNOWN,
908,UNKNOWN,UNKNOWN,
909,LG S20A,LG S20A,LG S20A
910,UNKNOWN,BOSE SOUNDTOUCH130,SOUNDTOUCH 10 K CHE
911,UNKNOWN,UNKNOWN,FREEBOX BO TIER D CODEUR /BOX INTERNET
912,UNKNOWN,UNKNOWN,MAGENTATV ONE
913,UNKNOWN,UNKNOWN,BOX TV
914,UNKNOWN,UNKNOWN,SKY
915,SONOS BEAM,UNKNOWN,APPLE TV
916,UNKNOWN,UNKNOWN,
917,UNKNOWN,UNKNOWN,FIRE TV STICK
918,UNKNOWN,UNKNOWN,
919,UNKNOWN,UNKNOWN,MEDIABOX
920,UNKNOWN,UNKNOWN,PS4 SPELKONSOL
921,UNKNOWN,UNKNOWN,
922,UNKNOWN,UNKNOWN,
923,UNKNOWN,UNKNOWN,
924,DENON DENONSOUNDBAR,UNKNOWN,DENON DVD
925,UNKNOWN,UNKNOWN,TALK TALK SET-TOP BOX
926,UNKNOWN,UNKNOWN,
927,UNKNOWN,UNKNOWN,
928,UNKNOWN,UNKNOWN,
929,UNKNOWN,UNKNOWN,
930,LG S80TR,LG S80TR,LG S80TY
931,UNKNOWN,UNKNOWN,NINTENDOSWITCH
932,UNKNOWN,UNKNOWN,
933,LG S90TY,LG S90TY,LG NS90TY
934,UNKNOWN,LG S91TY,
935,UNKNOWN,LG S92TY,SUNRISE TV 1
936,UNKNOWN,LG S93TY,APPLE TV
937,LG S95TR,LG S95TR,LG S95TR
938,UNKNOWN,UNKNOWN,TELIA TV
939,JBL BAR5.1,UNKNOWN,UPC DEKODER
940,UNKNOWN,UNKNOWN,
941,UNKNOWN,UNKNOWN,SKY X SET-TOP-BOX
942,UNKNOWN,UNKNOWN,APPLE TV
943,UNKNOWN,UNKNOWN,SKY Q
944,LG S40T,LG S40T,LG S40T
945,UNKNOWN,UNKNOWN,ORANGE BO TIER D CODEUR /BOX INTERNET
946,UNKNOWN,UNKNOWN,AMAZON FIRE T
947,UNKNOWN,UNKNOWN,MAG544
948,LG SG10TY,UNKNOWN,PLAYSTATION 5
949,LG SJ3,LG SJ3,LG SJ3
950,UNKNOWN,UNKNOWN,GIGATV HOME
951,UNKNOWN,UNKNOWN,EVOBOX LITE
952,UNKNOWN,UNKNOWN,
953,UNKNOWN,UNKNOWN,8K618-T
954,UNKNOWN,UNKNOWN,AMAZON FIRETV
955,UNKNOWN,UNKNOWN,XBOX CONSOLA DE JOGOS
956,UNKNOWN,UNKNOWN,PLAYSTATION 5
957,UNKNOWN,UNKNOWN,DOQAUS CARE 1
958,UNKNOWN,UNKNOWN,FIRE TV STICK
959,UNKNOWN,UNKNOWN,
960,UNKNOWN,UNKNOWN,
961,UNKNOWN,UNKNOWN,UPC DEKODER
962,UNKNOWN,UNKNOWN,
963,UNKNOWN,UNKNOWN,DIGITURK SET ST KUTU
964,UNKNOWN,UNKNOWN,SR7013
965,UNKNOWN,UNKNOWN,
966,UNKNOWN,UNKNOWN,
967,UNKNOWN,UNKNOWN,T-MOBILE SET TOP BOX
968,UNKNOWN,UNKNOWN,HD+
969,UNKNOWN,UNKNOWN,EON SMART BOX
970,UNKNOWN,UNKNOWN,REDMI BUDS 6
971,UNKNOWN,UNKNOWN,AMAZON FIRE T
972,UNKNOWN,UNKNOWN,AMAZON FIRETV
973,UNKNOWN,BOSE SOLO5,BOSE SOLO 5 SYSTEM
974,UNKNOWN,UNKNOWN,AMAZON FIRETV
975,UNKNOWN,UNKNOWN,APPLE TV
976,UNKNOWN,UNKNOWN,
977,UNKNOWN,UNKNOWN,FVP-5000T
978,UNKNOWN,UNKNOWN,JBL XTREME 4
979,UNKNOWN,UNKNOWN,AMAZON FIRE T
980,UNKNOWN,UNKNOWN,VODAFONE BOX
981,UNKNOWN,UNKNOWN,DESCODIFICADOR
982,SONOS BEAM,UNKNOWN,TELENETTVBOX
983,UNKNOWN,UNKNOWN,SKY DEUTSCHLAND SET-TOP-BOX
984,UNKNOWN,UNKNOWN,
985,LG LGSOUNDBAR,UNKNOWN,TV-BOX 1
986,UNKNOWN,UNKNOWN,AMAZON FIRE T
987,UNKNOWN,UNKNOWN,
988,UNKNOWN,UNKNOWN,DIRECT ONE
989,UNKNOWN,UNKNOWN,
990,UNKNOWN,UNKNOWN,AIRPODS PRO
991,UNKNOWN,UNKNOWN,
992,UNKNOWN,UNKNOWN,
993,UNKNOWN,UNKNOWN,
994,UNKNOWN,LG SC9S,LG SPEAKER SC9S 3161
995,UNKNOWN,UNKNOWN,AMAZON FIRETV
996,UNKNOWN,UNKNOWN,JBL TOUR ONE M2
997,UNKNOWN,UNKNOWN,
998,UNKNOWN,UNKNOWN,T-HOME BELT RI EGYS G
999,UNKNOWN,UNKNOWN,TELENETTVBOX 2
1000,UNKNOWN,UNKNOWN,VODAFONE TV DECODIFICADOR
1001,UNKNOWN,UNKNOWN,
1002,UNKNOWN,UNKNOWN,
1003,LG S60T,LG S60T,LG US60T
1004,UNKNOWN,UNKNOWN,CANAL+ APP
1005,SAMSUNG SAMSUNGSOUNDBAR,ETC OTHERSOUNDBAR,SOUNDBAR
1006,UNKNOWN,UNKNOWN,ALTIBOX DIGITALBOKS
1007,UNKNOWN,UNKNOWN,
1008,UNKNOWN,UNKNOWN,LG CHANNELS
1009,UNKNOWN,UNKNOWN,SKY
1010,UNKNOWN,UNKNOWN,AMINO STB
1011,UNKNOWN,UNKNOWN,
1012,UNKNOWN,UNKNOWN,AMAZON FIRE T
1013,UNKNOWN,SAMSUNG HWQ6CSERIES,HW-Q6C SERIES
1014,UNKNOWN,UNKNOWN,
1015,UNKNOWN,UNKNOWN,FIRE TV STICK
1016,UNKNOWN,UNKNOWN,EE TV
1017,LG S80TR,LG S80TR,LG US80TR
1018,UNKNOWN,UNKNOWN,
1019,LG LGSOUNDBAR,UNKNOWN,SKY Q
1020,LG S95QR,UNKNOWN,PLAYSTATION 5 PRO
1021,SAMSUNG SAMSUNGSOUNDBAR,ETC OTHERSOUNDBAR,SOUNDBAR
1022,UNKNOWN,UNKNOWN,FAMILY ROOM
1023,UNKNOWN,UNKNOWN,UPC DEKODER
1024,UNKNOWN,UNKNOWN,AMAZON FIRE T
1025,UNKNOWN,UNKNOWN,
1026,UNKNOWN,UNKNOWN,B O CORE
1027,UNKNOWN,UNKNOWN,SKY Q
1028,PANASONIC PANASONICSOUNDBAR,UNKNOWN,BD PLAYER
1029,UNKNOWN,UNKNOWN,SKY Q
1030,UNKNOWN,UNKNOWN,VODAFONE TV DECODIFICADOR
1031,UNKNOWN,UNKNOWN,PLAYSTATION 4
1032,UNKNOWN,UNKNOWN,
1033,UNKNOWN,UNKNOWN,
1034,UNKNOWN,UNKNOWN,RX-A2080
1035,UNKNOWN,UNKNOWN,
1036,LG S90TY,LG S90TY,LG DS90TY
1037,UNKNOWN,UNKNOWN,PLAYSTATION 5
1038,UNKNOWN,UNKNOWN,
1039,LG S40TR,LG S40TR,LG S40TR
1040,UNKNOWN,UNKNOWN,B O THEATRE
1041,UNKNOWN,UNKNOWN,PLAYSTATION 5
1042,LG SC9S,LG SC9S,LG SC9S
1043,UNKNOWN,UNKNOWN,
1044,UNKNOWN,UNKNOWN,LG CHANNELS
1045,UNKNOWN,UNKNOWN,
1046,UNKNOWN,UNKNOWN,FIRE TV STICK
1047,UNKNOWN,UNKNOWN,
1048,UNKNOWN,UNKNOWN,
1049,UNKNOWN,UNKNOWN,AMAZON FIRETV
1050,UNKNOWN,UNKNOWN,UPC DEKODER
1051,UNKNOWN,UNKNOWN,GSV DEFAULT
1052,YAMAHA YAS207,YAMAHA YAS207,YAS-207
1053,UNKNOWN,UNKNOWN,HD+
1054,UNKNOWN,UNKNOWN,ALTIBOX DIGITALBOKS
1055,UNKNOWN,UNKNOWN,AIRPODS PRO - FIND MY
1056,UNKNOWN,UNKNOWN,
1057,UNKNOWN,UNKNOWN,
1058,UNKNOWN,SONOS ARCULTRA,ARC ULTRA
1059,UNKNOWN,LG SG10TY,LG SPEAKER SG10TY 0416
1060,UNKNOWN,UNKNOWN,YOUBOSS
1061,UNKNOWN,UNKNOWN,SKY
1062,UNKNOWN,UNKNOWN,SKY Q
1063,UNKNOWN,UNKNOWN,
1064,LG S70TR,LG S70TR,LG DS70TR
1065,UNKNOWN,UNKNOWN,SHIELD
1066,UNKNOWN,UNKNOWN,APPLE OTT
1067,LG S77TY,LG S77TY,LG DS77TY
1068,UNKNOWN,UNKNOWN,SKY Q
1069,UNKNOWN,UNKNOWN,
1070,UNKNOWN,UNKNOWN,
1071,UNKNOWN,UNKNOWN,SR-B20A
1072,SAMSUNG SAMSUNGSOUNDBAR,UNKNOWN,FIRE TV STICK
1073,UNKNOWN,UNKNOWN,
1074,UNKNOWN,SONY HTRT3,HTR-3066
1075,UNKNOWN,UNKNOWN,CHROMECAST
1076,UNKNOWN,UNKNOWN,ANDROID TV
1077,UNKNOWN,UNKNOWN,PLAYSTATION 5
1078,UNKNOWN,UNKNOWN,
1079,UNKNOWN,UNKNOWN,AMAZON FIRETV
1080,LG LGSOUNDBAR,UNKNOWN,BD PLAYER
1081,BOSE SMARTSB,UNKNOWN,PLAYSTATION 5
1082,UNKNOWN,UNKNOWN,SKY SET-TOP BOX
1083,UNKNOWN,UNKNOWN,
1084,UNKNOWN,UNKNOWN,SOUNDCORE R50I NC
1085,UNKNOWN,UNKNOWN,PLAYSTATION 5
1086,UNKNOWN,UNKNOWN,ULTRAPODS PRO
1087,UNKNOWN,UNKNOWN,
1088,UNKNOWN,UNKNOWN,
1089,UNKNOWN,UNKNOWN,GIGATV HOME
1090,LG SE6S,LG SE6S,LG USE6S
1091,UNKNOWN,UNKNOWN,
1092,UNKNOWN,UNKNOWN,
1093,UNKNOWN,UNKNOWN,FLISS AIRPODS
1094,UNKNOWN,UNKNOWN,SKY
1095,UNKNOWN,UNKNOWN,FIRE TV STICK
1096,UNKNOWN,UNKNOWN,JBL XTREME 2 GM
1097,UNKNOWN,UNKNOWN,SKY
1098,UNKNOWN,UNKNOWN,SKY Q
1099,UNKNOWN,UNKNOWN,CABLEVISION SET-TOP BOX
1100,UNKNOWN,UNKNOWN,CORRIDOIO
1101,UNKNOWN,UNKNOWN,BX3000
1102,UNKNOWN,UNKNOWN,LG CHANNELS
1103,DENON DHTS216,DENON DHTS216,DHT-S216
1104,JBL BAR2.1,JBL BAR2.1,JBL BAR 2.1
1105,LG S70TY,LG S70TY,LG S70TY
1106,UNKNOWN,UNKNOWN,
1107,UNKNOWN,UNKNOWN,
1108,UNKNOWN,UNKNOWN,
1109,UNKNOWN,UNKNOWN,JBL PARTYBOX 300
1110,JBL BAR2.1,JBL BAR 2.1,JBL BAR 2.1
1111,UNKNOWN,UNKNOWN,BEIN
1112,SONY HTX8500,SONY HTX8500,HT-X8500
1113,UNKNOWN,JBL BAR500,JBL BAR 500
1114,UNKNOWN,UNKNOWN,MEDIABOX 2
1115,UNKNOWN,UNKNOWN,BEIN
1116,UNKNOWN,UNKNOWN,
1117,UNKNOWN,UNKNOWN,FREEBOX PLAYE
1118,UNKNOWN,UNKNOWN,AMAZON FIRE T
1119,UNKNOWN,UNKNOWN,RX-V6A
1120,UNKNOWN,UNKNOWN,MOVISTAR TV DECODIFICADOR
1121,UNKNOWN,UNKNOWN,DIGITURK SET ST KUTU
1122,UNKNOWN,SAMSUNG BSERIES,B-SERIES
1123,UNKNOWN,UNKNOWN,STB TUNER
1124,UNKNOWN,UNKNOWN,MEO BOX
1125,UNKNOWN,UNKNOWN,APPLE TV
1126,UNKNOWN,UNKNOWN,
1127,UNKNOWN,UNKNOWN,
1128,UNKNOWN,UNKNOWN,BD HTS
1129,UNKNOWN,UNKNOWN,LG CHANNELS
1130,UNKNOWN,UNKNOWN,FIRE TV STICK
1131,UNKNOWN,UNKNOWN,
1132,LG S80TR,LG S80TR,LG DS80TR
1133,UNKNOWN,UNKNOWN,OVS-TW311
1134,UNKNOWN,UNKNOWN,
1135,UNKNOWN,UNKNOWN,
1136,UNKNOWN,UNKNOWN,
1137,UNKNOWN,UNKNOWN,
1138,UNKNOWN,UNKNOWN,HD+
1139,UNKNOWN,UNKNOWN,
1140,UNKNOWN,UNKNOWN,MEO BOX
1141,UNKNOWN,UNKNOWN,FREEBOX PLAYE
1142,UNKNOWN,UNKNOWN,XBOX
1143,UNKNOWN,UNKNOWN,FIRE TV STICK
1144,UNKNOWN,UNKNOWN,APPLE TV
1145,UNKNOWN,UNKNOWN,ORANGE DEKODER
1146,LG S90TY,LG S90TY,LG DS90TY
1147,UNKNOWN,UNKNOWN,SKY Q
1148,LG SH3B,LG SH3B,LG SH3B
1149,UNKNOWN,UNKNOWN,
1150,UNKNOWN,UNKNOWN,EDIFIER W800BT SE
1151,UNKNOWN,UNKNOWN,PLAYSTATION 5
1152,UNKNOWN,UNKNOWN,STC
1153,UNKNOWN,UNKNOWN,AV RECEIVER
1154,SAMSUNG HWQ935GC,SAMSUNG HWQ935G,HW-Q935GF
1155,UNKNOWN,UNKNOWN,AMAZON FIRETV
1156,UNKNOWN,UNKNOWN,PHILIPS FIDELIO L4
1157,UNKNOWN,UNKNOWN,FREEBOX PLAYER
1158,UNKNOWN,UNKNOWN,
1159,UNKNOWN,UNKNOWN,
1160,UNKNOWN,UNKNOWN,
1161,UNKNOWN,UNKNOWN,
1162,UNKNOWN,LG S40T,LG DS40T
1163,UNKNOWN,UNKNOWN,HD+
1164,UNKNOWN,UNKNOWN,
1165,UNKNOWN,UNKNOWN,BEELINK RECEIVER
1166,UNKNOWN,UNKNOWN,ACTON III
1167,UNKNOWN,UNKNOWN,FIRE TV SOUNDBAR
1168,UNKNOWN,UNKNOWN,MAGENTATV ONE
1169,UNKNOWN,UNKNOWN,BOSE QC35 II
1170,UNKNOWN,UNKNOWN,
1171,UNKNOWN,UNKNOWN,
1172,DENON DENONSOUNDBAR,UNKNOWN,LIVING ROOM TV
1173,UNKNOWN,UNKNOWN,
1174,UNKNOWN,UNKNOWN,B O THEATRE
1175,UNKNOWN,UNKNOWN,
1176,UNKNOWN,UNKNOWN,
1177,UNKNOWN,UNKNOWN,
1178,LG S90TY,LG S90TY,LG DS90TY
1179,UNKNOWN,UNKNOWN,HD+
1180,UNKNOWN,UNKNOWN,SKY Q SET-TOP BOX
1181,UNKNOWN,UNKNOWN,MOVISTAR TV DECODIFICADOR
1182,UNKNOWN,UNKNOWN,HDMI2.1 MATRIX
1183,UNKNOWN,UNKNOWN,
1184,SONOS ARC,UNKNOWN,APPLE TV
1185,UNKNOWN,UNKNOWN,BOX TV
1186,UNKNOWN,UNKNOWN,
1187,UNKNOWN,UNKNOWN,H96 MAX RK331
1188,UNKNOWN,UNKNOWN,
1189,LG SC9S,LG SC9S,LG SC9S
1190,UNKNOWN,UNKNOWN,SONY GTK-X1BT
1191,UNKNOWN,UNKNOWN,APPLE TV
1192,UNKNOWN,UNKNOWN,WO621
1193,UNKNOWN,UNKNOWN,
1194,UNKNOWN,UNKNOWN,
1195,DENON DHTS517,DENON DHTS517,DHT-S517
1196,SONOS BEAM,SONOS BEAM,SONOS BEAM
1197,UNKNOWN,UNKNOWN,HT-SBW182
1198,UNKNOWN,UNKNOWN,DIONE OPERA
1199,UNKNOWN,UNKNOWN,
1200,UNKNOWN,UNKNOWN,SKY
1201,UNKNOWN,UNKNOWN,WAIPU.TV BOX
1202,UNKNOWN,UNKNOWN,DIGITURK SET ST KUTU
1203,UNKNOWN,UNKNOWN,SKY Q
1204,UNKNOWN,UNKNOWN,
1205,UNKNOWN,UNKNOWN,MEDIABOX
1206,UNKNOWN,UNKNOWN,TELENETTVBOX
1207,UNKNOWN,UNKNOWN,BD HTS
1208,UNKNOWN,UNKNOWN,APPLE TV
1209,UNKNOWN,UNKNOWN,AIRPODS PRO - FIND MY
1210,UNKNOWN,UNKNOWN,
1211,UNKNOWN,UNKNOWN,BEIN
1212,UNKNOWN,UNKNOWN,AZATOM ELITE
1213,UNKNOWN,UNKNOWN,HD+
1214,UNKNOWN,JBL CINEMASB170,JBL CINEMA SB170
1215,SAMSUNG HWQ930F,UNKNOWN,SKY
1216,UNKNOWN,UNKNOWN,SAMSUNG DVD PLAYER
1217,UNKNOWN,UNKNOWN,PS4 CONSOLA DE JUEGOS
1218,UNKNOWN,UNKNOWN,D-SMART SET ST KUTU
1219,UNKNOWN,UNKNOWN,
1220,UNKNOWN,UNKNOWN,PLAYSTATION 4
1221,UNKNOWN,UNKNOWN,HD+
1222,BOSE SMARTULTRA,UNKNOWN,GIMNASIO
1223,UNKNOWN,UNKNOWN,PS5 GAME CONSOLE
1224,UNKNOWN,UNKNOWN,
1225,UNKNOWN,UNKNOWN,APPLE TV
1226,UNKNOWN,UNKNOWN,
1227,UNKNOWN,UNKNOWN,
1228,UNKNOWN,UNKNOWN,
1229,UNKNOWN,UNKNOWN,QS-1182
1230,UNKNOWN,UNKNOWN,DEUTSCHE TELEKOM BELT RI EGYS G
1231,LG S90TR,LG S90TR,LG S90TR
1232,UNKNOWN,UNKNOWN,HD+
1233,UNKNOWN,UNKNOWN,LG-XL5S
1234,UNKNOWN,UNKNOWN,HD+
1235,PHILIPS PHILIPSSOUNDBAR,UNKNOWN,PHILIPS BDP
1236,UNKNOWN,UNKNOWN,APPLE TV
1237,LG SC9S,LG SC9S,LG SC9S
1238,UNKNOWN,UNKNOWN,
1239,UNKNOWN,UNKNOWN,
1240,UNKNOWN,UNKNOWN,PLAYSTATION 5
1241,UNKNOWN,SAMSUNG BSERIES,HW-B5 SERIES
1242,UNKNOWN,UNKNOWN,APPLE TV
1243,LG S60TR,LG S60TR,LG S60TR
1244,UNKNOWN,UNKNOWN,SET-TOP BOX
1245,UNKNOWN,UNKNOWN,
1246,UNKNOWN,UNKNOWN,GIGATV HOME
1247,UNKNOWN,UNKNOWN,
1248,UNKNOWN,UNKNOWN,BEIN BO TIER D CODEUR /BOX INTERNET
1249,UNKNOWN,UNKNOWN,
1250,UNKNOWN,UNKNOWN,POLSAT BOX DEKODER
1251,UNKNOWN,UNKNOWN,XIAOMI OTT
1252,UNKNOWN,UNKNOWN,TELECOM BELT RI EGYS G
1253,UNKNOWN,UNKNOWN,PLAYSTATION 5
1254,UNKNOWN,LG S40T,LG DS40T
1255,UNKNOWN,UNKNOWN,
1256,UNKNOWN,UNKNOWN,
1257,DENON DENONSOUNDBAR,UNKNOWN,DECODEUR UHD
1258,UNKNOWN,UNKNOWN,ALLENTE PARABOL DIGITALBOX
1259,UNKNOWN,UNKNOWN,VODAFONE SET-TOP-BOX
1260,UNKNOWN,UNKNOWN,
1261,UNKNOWN,UNKNOWN,HIS
1262,UNKNOWN,UNKNOWN,
1263,UNKNOWN,UNKNOWN,VODAFONE BELT RI EGYS G
1264,JBL BAR2.1,JBL BAR2.1,JBL BAR 2.1
1265,UNKNOWN,UNKNOWN,
1266,UNKNOWN,UNKNOWN,UMA
1267,UNKNOWN,UNKNOWN,ARRIS
1268,SAMSUNG SAMSUNGSOUNDBAR,ETC OTHERSOUNDBAR,SOUNDBAR
1269,PANASONIC SCHTB150,PANASONIC SCHTB150,SC-HTB150
1270,UNKNOWN,UNKNOWN,
1271,UNKNOWN,UNKNOWN,LG CHANNELS
1272,UNKNOWN,UNKNOWN,PLAYSTATION 5
1273,UNKNOWN,UNKNOWN,VODAFONE TV
1274,UNKNOWN,UNKNOWN,
1275,UNKNOWN,UNKNOWN,CHROMECAST
1276,UNKNOWN,UNKNOWN,33176
1277,LG S40T,LG S40T,LG DS40T
1278,UNKNOWN,UNKNOWN,
1279,UNKNOWN,UNKNOWN,PROJETOR
1280,UNKNOWN,UNKNOWN,SKY Q
1281,UNKNOWN,UNKNOWN,MHC-V43D
1282,LG S90TY,LG S90TY,LG NS90TY
1283,BOSE SMARTULTRA,BOSE SMARTULTRA,BOSESMARTULTRA
1284,LG S90TY,UNKNOWN,POLSAT BOX 4K
1285,UNKNOWN,UNKNOWN,
1286,UNKNOWN,UNKNOWN,JBL TUNE500BT
1287,UNKNOWN,UNKNOWN,
1288,UNKNOWN,UNKNOWN,
1289,UNKNOWN,UNKNOWN,
1290,UNKNOWN,UNKNOWN,
1291,UNKNOWN,UNKNOWN,ALTIBOX DEKODER
1292,UNKNOWN,UNKNOWN,PLAYSTATION 5
1293,UNKNOWN,UNKNOWN,SUNRISE TV
1294,UNKNOWN,UNKNOWN,MAGENTATV ONE
1295,UNKNOWN,UNKNOWN,LOGITECH BT ADAPTER
1296,UNKNOWN,UNKNOWN,CHAMBRE PARENT
1297,LG S40TR,UNKNOWN,SKY Q SET-TOP BOX
1298,UNKNOWN,UNKNOWN,WH-1000XM4
1299,UNKNOWN,SAMSUNG TSERIES,AV SAMSUNG SOUNDBAR T4-SERIES
1300,UNKNOWN,UNKNOWN,
1301,UNKNOWN,UNKNOWN,LG CHANNELS
1302,UNKNOWN,UNKNOWN,UPC DECODER
1303,UNKNOWN,UNKNOWN,PLAYSTATION 4
1304,UNKNOWN,UNKNOWN,MAGENTATV
1305,UNKNOWN,UNKNOWN,
1306,UNKNOWN,UNKNOWN,BOX HD
1307,UNKNOWN,UNKNOWN,LG CHANNELS
1308,UNKNOWN,UNKNOWN,
1309,UNKNOWN,UNKNOWN,
1310,UNKNOWN,UNKNOWN,SKYLINK CZ
1311,UNKNOWN,UNKNOWN,PLAYSTATION 5
1312,UNKNOWN,UNKNOWN,ORANGE FIBRE OPTIQUE BO TIER D CODEUR /BOX INTERNET
1313,UNKNOWN,UNKNOWN,SKY
1314,UNKNOWN,UNKNOWN,EE TV
1315,SONOS BEAM,SONOS BEAM,SONOS BEAM
1316,UNKNOWN,UNKNOWN,MAGENTATV
1317,UNKNOWN,UNKNOWN,AMAZON FIRE T
1318,UNKNOWN,UNKNOWN,
1319,UNKNOWN,UNKNOWN,YOUSEE TV
1320,UNKNOWN,UNKNOWN,
1321,UNKNOWN,UNKNOWN,
1322,SAMSUNG HWQ800H,UNKNOWN,AVR-X2800H
1323,LG S70TY,UNKNOWN,PLAYSTATION 5
1324,UNKNOWN,UNKNOWN,PLAYSTATION 5
1325,UNKNOWN,UNKNOWN,SKY
1326,DENON DHTS217,DENON DHTS217,DHT-S217
1327,LG S40T,LG S40T,LG S40T
1328,UNKNOWN,UNKNOWN,REDMI BUDS 4 LITE
1329,UNKNOWN,UNKNOWN,LENCO SB-080
1330,UNKNOWN,UNKNOWN,
1331,UNKNOWN,UNKNOWN,MEOBOX 4K DIW
1332,LG S40T,LG S40T,LG S40T
1333,UNKNOWN,UNKNOWN,
1334,UNKNOWN,UNKNOWN,AMAZON FIRETV
1335,UNKNOWN,UNKNOWN,
1336,UNKNOWN,UNKNOWN,XIAOMI TV BOX
1337,UNKNOWN,UNKNOWN,
1338,UNKNOWN,UNKNOWN,
1339,UNKNOWN,UNKNOWN,YANDEX.STATION
1340,UNKNOWN,UNKNOWN,
1341,UNKNOWN,UNKNOWN,PLAY BOX TV
1342,UNKNOWN,UNKNOWN,
1343,UNKNOWN,UNKNOWN,RX-A8A
1344,JBL BAR5.1,JBL BAR5.1,JBL BAR 5.1
1345,UNKNOWN,UNKNOWN,CHROMECAST
1346,UNKNOWN,UNKNOWN,PS4 GAMECONSOLE
1347,UNKNOWN,UNKNOWN,ZIGGO DECODER
1348,UNKNOWN,UNKNOWN,GIGATV HOME SO
1349,UNKNOWN,UNKNOWN,
1350,UNKNOWN,UNKNOWN,MAGENTATV
1351,UNKNOWN,UNKNOWN,
1352,UNKNOWN,UNKNOWN,
1353,UNKNOWN,UNKNOWN,MOVISTAR TV DECODIFICADOR
1354,JBL CINEMASB560,JBL CINEMASB560,CINEMA SB560
1355,UNKNOWN,UNKNOWN,JBL PARTYBOX 100
1356,UNKNOWN,UNKNOWN,FIRE TV STICK
1357,UNKNOWN,UNKNOWN,
1358,UNKNOWN,UNKNOWN,AAEBT
1359,UNKNOWN,UNKNOWN,NINTENDOSWITCH
1360,LG S70TR,LG S70TR,LG US70TR
1361,UNKNOWN,UNKNOWN,CBS540A
1362,HISENSE HS214,HISENSE HS214,HISENSE HS214
1363,UNKNOWN,UNKNOWN,
1364,UNKNOWN,UNKNOWN,SKY Q
1365,UNKNOWN,UNKNOWN,AMAZON FIRETV
1366,UNKNOWN,UNKNOWN,
1367,UNKNOWN,UNKNOWN,
1368,UNKNOWN,UNKNOWN,
1369,UNKNOWN,UNKNOWN,
1370,UNKNOWN,UNKNOWN,LIVING ROOM
1371,UNKNOWN,UNKNOWN,
1372,LG S60T,LG S60T,LG S60T
1373,UNKNOWN,UNKNOWN,AMAZON FIRE T
1374,UNKNOWN,UNKNOWN,HD+
1375,YAMAHA YAMAHASOUNDBAR,UNKNOWN,RX-V483
1376,UNKNOWN,UNKNOWN,UPC BELT RI EGYS G
1377,UNKNOWN,UNKNOWN,PS4 SP U KONSOLE
1378,UNKNOWN,UNKNOWN,EVOBOX PVR
1379,UNKNOWN,UNKNOWN,VOO BO TIER D CODEUR /BOX INTERNET
1380,PANASONIC PANASONICSOUNDBAR,UNKNOWN,PANASONIC DVD PLAYER
1381,UNKNOWN,UNKNOWN,HD+
1382,UNKNOWN,UNKNOWN,WH-CH510
1383,UNKNOWN,UNKNOWN,SALON
1384,UNKNOWN,UNKNOWN,
1385,LG S90TY,UNKNOWN,XBOX
1386,PANASONIC PANASONICSOUNDBAR,UNKNOWN,AUDIO SYSTEM
1387,UNKNOWN,UNKNOWN,
1388,LG S70TR,UNKNOWN,VIRGIN TV 1
1389,UNKNOWN,UNKNOWN,
1390,UNKNOWN,UNKNOWN,AMAZON FIRETV
1391,UNKNOWN,UNKNOWN,ADB SET-TOP-BOKS
1392,UNKNOWN,UNKNOWN,SKYLINK CZ
1393,UNKNOWN,UNKNOWN,
1394,UNKNOWN,UNKNOWN,SKY Q
1395,UNKNOWN,UNKNOWN,
1396,UNKNOWN,UNKNOWN,
1397,UNKNOWN,UNKNOWN,
1398,UNKNOWN,UNKNOWN,WEGOO
1399,UNKNOWN,UNKNOWN,AIRY TWS 2
1400,UNKNOWN,UNKNOWN,HOT
1401,UNKNOWN,JBL BAR800,JBL BAR 800
1402,UNKNOWN,UNKNOWN,SUNRISE TV
1403,LG S77TY,LG S77TY,LG DS77TY
1404,UNKNOWN,UNKNOWN,FREEBOX PLAYER
1405,PANASONIC PANASONICSOUNDBAR,UNKNOWN,BD PLAYER
1406,UNKNOWN,UNKNOWN,FIRE TV STICK
1407,LG S40T,LG S40T,LG DS40T
1408,UNKNOWN,UNKNOWN,
1409,UNKNOWN,UNKNOWN,
1410,UNKNOWN,UNKNOWN,BOSE QC ULTRA HEADPHONES
1411,UNKNOWN,UNKNOWN,
1412,UNKNOWN,UNKNOWN,
1413,UNKNOWN,UNKNOWN,VODAFONE TV DECODIFICADOR
1414,UNKNOWN,UNKNOWN,
1415,UNKNOWN,UNKNOWN,SHIELD
1416,SONY HTS350,SONY HTS350,HT-S350
1417,SONY HTS350,SONY HTS350,HT-S350
1418,UNKNOWN,UNKNOWN,
1419,SAMSUNG SAMSUNGSOUNDBAR,UNKNOWN,PLAY BOX TV
1420,UNKNOWN,UNKNOWN,JBL TUNE 720BT
1421,UNKNOWN,UNKNOWN,
1422,UNKNOWN,JBL BAR300,JBL BAR 300
1423,UNKNOWN,UNKNOWN,MEDIABOX
1424,UNKNOWN,UNKNOWN,
1425,UNKNOWN,UNKNOWN,AIRPODS MAX DE BACHAR - FIND MY
1426,UNKNOWN,UNKNOWN,PLAYSTATION 5
1427,UNKNOWN,UNKNOWN,
1428,UNKNOWN,UNKNOWN,
1429,UNKNOWN,UNKNOWN,
1430,UNKNOWN,UNKNOWN,
1431,UNKNOWN,UNKNOWN,FIRE TV STICK
1432,UNKNOWN,UNKNOWN,PLAYSTATION 5
1433,UNKNOWN,UNKNOWN,AMAZON FIRE T
1434,UNKNOWN,SONOS ARCULTRA,ARC ULTRA
1435,UNKNOWN,UNKNOWN,
1436,PANASONIC PANASONICSOUNDBAR,UNKNOWN,SONY DVD PLAYER
1437,UNKNOWN,UNKNOWN,
1438,UNKNOWN,UNKNOWN,
1439,BOSE TVSPKR,UNKNOWN,PIONEER DVD-PLAYER
1440,UNKNOWN,UNKNOWN,XBOX GAME CONSOLE
1441,UNKNOWN,UNKNOWN,FIRE TV STICK
1442,UNKNOWN,UNKNOWN,SKY Q
1443,UNKNOWN,UNKNOWN,
1444,UNKNOWN,UNKNOWN,
1445,UNKNOWN,UNKNOWN,PS4 KONSOLA DO GIER
1446,UNKNOWN,UNKNOWN,SKY Q
1447,UNKNOWN,UNKNOWN,JBL GO 4 VON JONAS
1448,UNKNOWN,UNKNOWN,TV-BOX 1
1449,LG S70TY,LG S70TY,LG S70TY
1450,UNKNOWN,UNKNOWN,APPLE TV
1451,UNKNOWN,PHILIPS TAPB400,PHILIPS TAB4000
1452,UNKNOWN,UNKNOWN,FIRE TV STICK
1453,BOSE TVSPKR,UNKNOWN,BOSE TV SPKR
1454,UNKNOWN,UNKNOWN,SWITCH 2
1455,UNKNOWN,UNKNOWN,PLAYSTATION 5
1456,UNKNOWN,UNKNOWN,AMAZON FIRETV
1457,UNKNOWN,UNKNOWN,
1458,UNKNOWN,UNKNOWN,XBOX
1459,UNKNOWN,UNKNOWN,WH-1000XM6
1460,UNKNOWN,UNKNOWN,
1461,UNKNOWN,UNKNOWN,FIRE TV STICK
1462,UNKNOWN,UNKNOWN,
1463,UNKNOWN,UNKNOWN,AMAZON FIRETV
1464,UNKNOWN,UNKNOWN,ZIGGO DECODER
1465,UNKNOWN,UNKNOWN,
1466,UNKNOWN,UNKNOWN,XBOX
1467,UNKNOWN,UNKNOWN,
1468,UNKNOWN,UNKNOWN,H/T
1469,UNKNOWN,UNKNOWN,SKY
1470,UNKNOWN,UNKNOWN,
1471,UNKNOWN,UNKNOWN,ZTE BUDS2
1472,UNKNOWN,UNKNOWN,HD+
1473,UNKNOWN,UNKNOWN,XBOX SPIELKONSOLE
1474,UNKNOWN,UNKNOWN,
1475,SAMSUNG HWQ995B,SAMSUNG HWQ995B,HW-Q995F
1476,UNKNOWN,UNKNOWN,IPTV EXTREME
1477,UNKNOWN,UNKNOWN,ELISA DIGIBOXI
1478,JBL BAR800M2,JBL BAR800M2,JBL BAR800M2
1479,UNKNOWN,UNKNOWN,SKY Q
1480,UNKNOWN,UNKNOWN,RASPBERRY
1481,UNKNOWN,UNKNOWN,SPEAKER5.0
1482,LG SJ3,LG SJ3,LG SJ3
1483,UNKNOWN,UNKNOWN,LG CHANNELS
1484,UNKNOWN,UNKNOWN,PLAYSTATION 5
1485,SAMSUNG SAMSUNGSOUNDBAR,ETC OTHERSOUNDBAR,SOUNDBAR
1486,UNKNOWN,UNKNOWN,AMAZON FIRE T
1487,UNKNOWN,UNKNOWN,JABRA EVOLVE2 75
1488,UNKNOWN,UNKNOWN,BT TV SET-TOP BOX
1489,SONOS BEAM,SONOS BEAM,SONOS BEAM
1490,UNKNOWN,UNKNOWN,LG HBS910
1491,UNKNOWN,UNKNOWN,VODAFONE TV
1492,UNKNOWN,UNKNOWN,
1493,UNKNOWN,UNKNOWN,ALLENTE DIGIBOXI
1494,UNKNOWN,UNKNOWN,
1495,UNKNOWN,UNKNOWN,PLAYSTATION 5
1496,UNKNOWN,UNKNOWN,
1497,LG S90TY,LG S90TY,LG US90TY
1498,SONOS BEAM,UNKNOWN,APPLE TV
1499,UNKNOWN,UNKNOWN,SKY Q
1500,UNKNOWN,UNKNOWN,FIRE TV STICK
1501,UNKNOWN,UNKNOWN,KPN DECODER
1502,SONOS ARC,SONOS ARC,SONOS ARC
1503,UNKNOWN,UNKNOWN,
1504,UNKNOWN,UNKNOWN,PS4 GAMECONSOLE
1505,UNKNOWN,UNKNOWN,BEIN BO TIER D CODEUR /BOX INTERNET
1506,SONOS ARC,SONOS ARC,SONOS ARC
1507,UNKNOWN,UNKNOWN,
1508,UNKNOWN,UNKNOWN,Q33
1509,SONY HTS20R,SONY HTS20R,HT-S20R
1510,UNKNOWN,UNKNOWN,SKY Q
1511,UNKNOWN,UNKNOWN,APPLE TV
1512,UNKNOWN,UNKNOWN,LG CHANNELS
1513,UNKNOWN,LG S75T,LG S75TR
1514,UNKNOWN,UNKNOWN,PLAYSTATION 5
1515,UNKNOWN,UNKNOWN,
1516,UNKNOWN,UNKNOWN,DORMITORIO PRI
1517,UNKNOWN,PHILIPS TAB8205,PHILIPS B8200
1518,UNKNOWN,UNKNOWN,PLAYSTATION 5
1519,UNKNOWN,UNKNOWN,HD+
1520,UNKNOWN,UNKNOWN,AS-D96
1521,UNKNOWN,UNKNOWN,TURKCELL SET ST KUTU
1522,UNKNOWN,UNKNOWN,AMAZON FIRETV
1523,UNKNOWN,LG S90TY,LG SPEAKER S90TY
1524,UNKNOWN,UNKNOWN,AUDIO SYSTEM
1525,UNKNOWN,UNKNOWN,UPC SET-TOP-BOX
1526,UNKNOWN,UNKNOWN,
1527,UNKNOWN,UNKNOWN,
1528,PANASONIC PANASONICSOUNDBAR,UNKNOWN,RX-V767
1529,UNKNOWN,UNKNOWN,
1530,UNKNOWN,UNKNOWN,
1531,YAMAHA YAMAHASOUNDBAR,UNKNOWN,RX-V673
1532,UNKNOWN,UNKNOWN,
1533,UNKNOWN,UNKNOWN,JBL TUNE700BT
1534,BOSE TVSPKR,UNKNOWN,STB
1535,LG S20A,LG S20A,LG US20A
1536,UNKNOWN,UNKNOWN,
1537,UNKNOWN,UNKNOWN,ONE FOR ALL BELT RI EGYS G
1538,UNKNOWN,UNKNOWN,PLAYSTATION 5
1539,UNKNOWN,UNKNOWN,
1540,UNKNOWN,UNKNOWN,STAGE PRO
1541,UNKNOWN,UNKNOWN,
1542,UNKNOWN,UNKNOWN,MAGYAR TELEKOM BELT RI EGYS G
1543,UNKNOWN,UNKNOWN,
1544,UNKNOWN,UNKNOWN,VIRGIN SET-TOP BOX
1545,UNKNOWN,UNKNOWN,FIRE TV STICK
1546,UNKNOWN,UNKNOWN,
1547,UNKNOWN,UNKNOWN,
1548,UNKNOWN,UNKNOWN,BBOXTV
1549,UNKNOWN,UNKNOWN,
1550,JBL BAR1000,JBL BAR1000,JBL BAR 1000
1551,UNKNOWN,UNKNOWN,LG CHANNELS
1552,UNKNOWN,UNKNOWN,SKY Q
1553,UNKNOWN,UNKNOWN,NAGA 80
1554,UNKNOWN,UNKNOWN,
1555,UNKNOWN,UNKNOWN,
1556,UNKNOWN,UNKNOWN,SKY Q
1557,UNKNOWN,UNKNOWN,
1558,LG SC9S,UNKNOWN,FIRE TV STICK
1559,UNKNOWN,UNKNOWN,PLAYSTATION 4
1560,UNKNOWN,UNKNOWN,
1561,UNKNOWN,UNKNOWN,MAGENTATV ONE
1562,LG S40T,UNKNOWN,MAGENTATV ONE
1563,LG SH5A,LG SH5A,LG SH5A
1564,LG S95TR,LG S95TR,LG DS95TR
1565,UNKNOWN,UNKNOWN,ORANGE FIBRE OPTIQUE BO TIER D CODEUR /BOX INTERNET
1566,JBL CINEMASB510,JBL CINEMASB510,CINEMA SB510
1567,LG LGSOUNDBAR,ETC OTHERSOUNDBAR,SOUNDBAR
1568,UNKNOWN,UNKNOWN,FIRE TV STICK
1569,UNKNOWN,UNKNOWN,SKY Q SET-TOP BOX
1570,UNKNOWN,UNKNOWN,SET-TOP-BOX
1571,UNKNOWN,UNKNOWN,SKY Q
1572,UNKNOWN,UNKNOWN,LG-XL9T
1573,SONOS BEAM,SONOS BEAM,SONOS BEAM
1574,UNKNOWN,UNKNOWN,
1575,SAMSUNG HWQ995GC,SAMSUNG HWQ995GC,HW-Q995GF
1576,UNKNOWN,UNKNOWN,
1577,UNKNOWN,UNKNOWN,HD+
1578,UNKNOWN,UNKNOWN,JBL BAR 800
1579,UNKNOWN,UNKNOWN,XBOX
1580,UNKNOWN,UNKNOWN,PS5 SPIELKONSOLE
1581,BOSE SS600,BOSE SS600,BOSE SS 600
1582,BOSE SOUNDTOUCH300,BOSE SOUNDTOUCH300,SOUNDTOUCH 300
1583,UNKNOWN,UNKNOWN,PLAYSTATION 5
1584,UNKNOWN,UNKNOWN,
1585,UNKNOWN,UNKNOWN,AMAZON FIRE T
1586,UNKNOWN,UNKNOWN,
1587,UNKNOWN,LG SG10TY,LG DSG10TY
1588,UNKNOWN,UNKNOWN,FIRE TV STICK
1589,UNKNOWN,UNKNOWN,PLAYSTATION 5
1590,UNKNOWN,UNKNOWN,FREEBOX PLAYER
1591,UNKNOWN,SONY HTS20R,HT-S20R
1592,UNKNOWN,UNKNOWN,MPOW FLAME2
1593,UNKNOWN,UNKNOWN,RX-V575
1594,UNKNOWN,UNKNOWN,TETTV-VIP5305
1595,PHILIPS FB1,PHILIPS FB1,PHILIPS FB1
1596,UNKNOWN,UNKNOWN,SD-1004
1597,UNKNOWN,UNKNOWN,CREATIVE STAGE
1598,UNKNOWN,UNKNOWN,
1599,UNKNOWN,UNKNOWN,FREESAT FROM SKY SET-TOP BOX
1600,LG S60TR,LG S60TR,LG S60TR
1601,UNKNOWN,UNKNOWN,
1602,UNKNOWN,UNKNOWN,
1603,UNKNOWN,UNKNOWN,VODAFONE SET-TOP-BOX
1604,UNKNOWN,UNKNOWN,TELENETTVBOX
1605,UNKNOWN,UNKNOWN,
1606,UNKNOWN,UNKNOWN,UPC BO TIER D CODEUR /BOX INTERNET
1607,UNKNOWN,UNKNOWN,SKY
1608,UNKNOWN,UNKNOWN,AMAZON FIRE T
1609,UNKNOWN,UNKNOWN,
1610,UNKNOWN,UNKNOWN,FIRE TV STICK
1611,UNKNOWN,UNKNOWN,
1612,UNKNOWN,UNKNOWN,ORBIT SHOWTIME NETWORK
1613,UNKNOWN,UNKNOWN,
1614,UNKNOWN,UNKNOWN,APPLE OTT
1615,UNKNOWN,UNKNOWN,REVOX S100
1616,UNKNOWN,UNKNOWN,SKY Q
1617,UNKNOWN,UNKNOWN,DSTV SET-TOP BOX
1618,UNKNOWN,UNKNOWN,
1619,UNKNOWN,UNKNOWN,LIVING ROOM
1620,UNKNOWN,UNKNOWN,
1621,UNKNOWN,UNKNOWN,SONY DVD-PLAYER
1622,UNKNOWN,UNKNOWN,T-HOME BELT RI EGYS G
1623,UNKNOWN,UNKNOWN,SALON
1624,SAMSUNG SAMSUNGSOUNDBAR,ETC OTHERSOUNDBAR,SOUNDBAR
1625,UNKNOWN,UNKNOWN,
1626,UNKNOWN,UNKNOWN,RAUMFELD
1627,UNKNOWN,UNKNOWN,
1628,UNKNOWN,UNKNOWN,FIRE TV STICK
1629,UNKNOWN,UNKNOWN,
1630,UNKNOWN,UNKNOWN,STB
1631,UNKNOWN,UNKNOWN,SWITCH 2
1632,UNKNOWN,UNKNOWN,AIRBUDS SE
1633,UNKNOWN,UNKNOWN,STREAMING-BOX
1634,SAMSUNG HWQ930B,SAMSUNG HWQ930B,HW-Q930B
1635,UNKNOWN,UNKNOWN,BT TV SET-TOP BOX
1636,UNKNOWN,UNKNOWN,
1637,UNKNOWN,UNKNOWN,
1638,YAMAHA YSP2700,UNKNOWN,VIRGIN TV 1
1639,UNKNOWN,SONOS ARCULTRA,ARC ULTRA
1640,UNKNOWN,UNKNOWN,VIRGIN TV 1
1641,UNKNOWN,UNKNOWN,AMAZON FIRETV
1642,UNKNOWN,UNKNOWN,PLAY BOX TV
1643,UNKNOWN,UNKNOWN,PLAYSTATION 5
1644,UNKNOWN,UNKNOWN,DIGITURK SET ST KUTU
1645,UNKNOWN,UNKNOWN,LG CHANNELS
1646,UNKNOWN,UNKNOWN,VIETA PRO UPPER 3
1647,UNKNOWN,UNKNOWN,FIRE TV STICK
1648,UNKNOWN,UNKNOWN,UMA
1649,UNKNOWN,UNKNOWN,HD+
1650,UNKNOWN,UNKNOWN,STB TUNER
1651,UNKNOWN,UNKNOWN,APPLE TV
1652,UNKNOWN,UNKNOWN,SKY
1653,UNKNOWN,UNKNOWN,
1654,UNKNOWN,UNKNOWN,AUDIO SYSTEM
1655,SAMSUNG HWQ990C,SAMSUNG HWQ990C,HW-Q990C
1656,BOSE SMARTSB,BOSE SMARTSB,BOSE SMART SB
1657,UNKNOWN,UNKNOWN,
1658,UNKNOWN,UNKNOWN,APPLE OTT
1659,UNKNOWN,UNKNOWN,ORANGE FIBRE OPTIQUE BO TIER D CODEUR /BOX INTERNET
1660,UNKNOWN,UNKNOWN,
1661,UNKNOWN,UNKNOWN,FREEBOX PLAYER
1662,UNKNOWN,UNKNOWN,SKY SET-TOP BOX
1663,UNKNOWN,UNKNOWN,BEIN BO TIER D CODEUR /BOX INTERNET
1664,UNKNOWN,UNKNOWN,
1665,UNKNOWN,UNKNOWN,SKY Q
1666,UNKNOWN,UNKNOWN,FVP-5000T
1667,BOSE SMARTULTRA,BOSE SMARTULTRA,BOSESMARTULTRA
1668,UNKNOWN,UNKNOWN,MOVISTAR TV DECODIFICADOR
1669,UNKNOWN,UNKNOWN,TETTV-VIP5305
1670,UNKNOWN,UNKNOWN,SKYLINK CZ
1671,UNKNOWN,UNKNOWN,
1672,UNKNOWN,UNKNOWN,HD+
1673,UNKNOWN,UNKNOWN,PS4 SPIELKONSOLE
1674,UNKNOWN,UNKNOWN,AMAZON FIRETV
1675,UNKNOWN,UNKNOWN,
1676,UNKNOWN,UNKNOWN,JBL XTREME 2
1677,SAMSUNG HWQ995GC,SAMSUNG HWQ995GC,HW-Q995GF
1678,UNKNOWN,UNKNOWN,PS4 SPILKONSOL
1679,UNKNOWN,UNKNOWN,VODAFONE TV DECODIFICADOR
1680,UNKNOWN,UNKNOWN,DIGITURK
1681,LG S60TR,LG S60TR,LG S60TR
1682,UNKNOWN,UNKNOWN,TELIA TV
1683,UNKNOWN,UNKNOWN,PLAYSTATION 5
1684,UNKNOWN,UNKNOWN,D-SMART SET ST KUTU
1685,SONY HTS350,SONY HTS350,HT-S350
1686,UNKNOWN,UNKNOWN,DESCODIFICADO
1687,UNKNOWN,UNKNOWN,ONE FOR ALL DECODIFICADOR
1688,UNKNOWN,UNKNOWN,FREEBOX BO TIER D CODEUR /BOX INTERNET
1689,UNKNOWN,UNKNOWN,APPLE TV
1690,UNKNOWN,UNKNOWN,JBL PARTYBOX CLUB 120
1691,UNKNOWN,UNKNOWN,
1692,UNKNOWN,UNKNOWN,
1693,UNKNOWN,UNKNOWN,
1694,UNKNOWN,UNKNOWN,PLAYSTATION 5
1695,UNKNOWN,UNKNOWN,SOUNDCORE R50I
1696,UNKNOWN,UNKNOWN,SSS3800
1697,UNKNOWN,UNKNOWN,AMAZON FIRE T
1698,UNKNOWN,UNKNOWN,
1699,UNKNOWN,UNKNOWN,SKY
1700,UNKNOWN,UNKNOWN,CHROMECAST
1701,UNKNOWN,UNKNOWN,
1702,UNKNOWN,UNKNOWN,
1703,LG SC9S,LG SC9S,LG DSC9S
1704,UNKNOWN,UNKNOWN,
1705,UNKNOWN,UNKNOWN,TELENOR DIGITALBOKS
1706,UNKNOWN,UNKNOWN,
1707,UNKNOWN,JBL BAR800,JBL BAR 800
1708,UNKNOWN,UNKNOWN,APPLE TV
1709,LG S70TY,LG S70TY,LG S70TY
1710,UNKNOWN,UNKNOWN,FIRE TV STICK
1711,UNKNOWN,UNKNOWN,
1712,UNKNOWN,UNKNOWN,LG-SQM1
1713,UNKNOWN,UNKNOWN,WI-FI PREMIUM+
1714,LG S70TY,UNKNOWN,BREDBANDSBOLAGET DIGITALBOX
1715,UNKNOWN,UNKNOWN,
1716,UNKNOWN,UNKNOWN,
1717,UNKNOWN,UNKNOWN,PLAYSTATION 5
1718,UNKNOWN,UNKNOWN,
1719,UNKNOWN,UNKNOWN,AMAZON FIRE T
1720,UNKNOWN,UNKNOWN,XBOX CONSOLE DE JEU
1721,UNKNOWN,UNKNOWN,SFR BO TIER D CODEUR /BOX INTERNET
1722,UNKNOWN,UNKNOWN,TV DA SALA DE
1723,UNKNOWN,UNKNOWN,
1724,UNKNOWN,UNKNOWN,MOVISTAR TV
1725,UNKNOWN,UNKNOWN,
1726,UNKNOWN,UNKNOWN,
1727,UNKNOWN,UNKNOWN,DIGI BELT RI EGYS G
1728,UNKNOWN,UNKNOWN,
1729,UNKNOWN,UNKNOWN,FREEBOX PLAYER
1730,UNKNOWN,UNKNOWN,
1731,UNKNOWN,UNKNOWN,T-MOBILE SET TOP BOX
1732,UNKNOWN,JBL CINEMASB560,JBL CINEMA SB560
1733,UNKNOWN,UNKNOWN,LG CHANNELS
1734,UNKNOWN,UNKNOWN,LG CHANNELS
1735,LG S60T,UNKNOWN,LIVING ROOM T
1736,UNKNOWN,UNKNOWN,XBOX SPIELKONSOLE
1737,UNKNOWN,UNKNOWN,
1738,UNKNOWN,UNKNOWN,MAGYAR TELEKOM BELT RI EGYS G
1739,UNKNOWN,UNKNOWN,
1740,UNKNOWN,UNKNOWN,
1741,UNKNOWN,UNKNOWN,UPC DEKODER
1742,UNKNOWN,UNKNOWN,
1743,UNKNOWN,UNKNOWN,VODAFONE TV
1744,UNKNOWN,UNKNOWN,
1745,LG LGSOUNDBAR,UNKNOWN,SKY Q
1746,LG LGSOUNDBAR,LG LGSOUNDBAR,LG SOUND BAR
1747,UNKNOWN,UNKNOWN,
1748,UNKNOWN,UNKNOWN,TIMVISION BOX
1749,UNKNOWN,UNKNOWN,PS5 GAME CONSOLE
1750,LG S80TR,LG S80TY,LG S80TY
1751,LG WOWCAST,UNKNOWN,SKY Q
1752,JBL CINEMASB510,JBL CINEMASB510,CINEMA SB510
1753,LG S40T,UNKNOWN,MAGENTATV ONE
1754,UNKNOWN,UNKNOWN,
1755,UNKNOWN,UNKNOWN,FIRE TV STICK
1756,LG S77TY,LG S77TY,LG DS77TY
1757,UNKNOWN,UNKNOWN,
1758,UNKNOWN,UNKNOWN,MAGYAR TELEKOM BELT RI EGYS G
1759,UNKNOWN,UNKNOWN,
1760,UNKNOWN,UNKNOWN,SFR BO TIER D CODEUR /BOX INTERNET
1761,LG S80TR,LG S80TY,LG S80TY
1762,UNKNOWN,UNKNOWN,TURKCELL SET ST KUTU
1763,UNKNOWN,UNKNOWN,DIGITURK SET ST KUTU
1764,UNKNOWN,UNKNOWN,RX-V479
1765,UNKNOWN,UNKNOWN,B O THEATRE
1766,UNKNOWN,UNKNOWN,MEDIABOX+
1767,LG S40T,LG S40T,LG S40T
1768,LG S40T,LG S40T,LG DS40T
1769,UNKNOWN,UNKNOWN,PLAYSTATION 5
1770,UNKNOWN,UNKNOWN,
1771,UNKNOWN,UNKNOWN,
1772,UNKNOWN,UNKNOWN,HD+
1773,UNKNOWN,UNKNOWN,
1774,LG S80TR,LG S80TY,LG S80TY
1775,UNKNOWN,UNKNOWN,
1776,UNKNOWN,UNKNOWN,BEIN
1777,UNKNOWN,UNKNOWN,
1778,UNKNOWN,UNKNOWN,
1779,UNKNOWN,UNKNOWN,SKY Q
1780,UNKNOWN,UNKNOWN,
1781,UNKNOWN,UNKNOWN,FIRE TV STICK
1782,UNKNOWN,UNKNOWN,
1783,UNKNOWN,UNKNOWN,SKY Q SET-TOP BOX
1784,UNKNOWN,UNKNOWN,MONSTER CLARITY 510 AIRLINKS
1785,UNKNOWN,UNKNOWN,MAGENTATV ONE
1786,PHILIPS TAB5308,UNKNOWN,4K GOOGLE TV B
1787,UNKNOWN,UNKNOWN,SKY Q
1788,UNKNOWN,UNKNOWN,HD+
1789,UNKNOWN,UNKNOWN,VIP7802
1790,UNKNOWN,UNKNOWN,MBOX
1791,UNKNOWN,UNKNOWN,ORANGE FIBRE OPTIQUE BO TIER D CODEUR /BOX INTERNET
1792,LG S77TY,LG S77TY,LG DS77TY
1793,UNKNOWN,UNKNOWN,
1794,LG S70TY,LG S70TY,LG US70TY
1795,UNKNOWN,UNKNOWN,
1796,UNKNOWN,UNKNOWN,FIRE TV STICK
1797,VIZIO VIZIOSOUNDBAR,UNKNOWN,MAGENTATV ONE
1798,UNKNOWN,UNKNOWN,PLAYSTATION 5
1799,UNKNOWN,UNKNOWN,SKY Q
1800,UNKNOWN,UNKNOWN,FIRE TV STICK
1801,UNKNOWN,UNKNOWN,RECEIVER
1802,UNKNOWN,UNKNOWN,PS5 CONSOLA DE JUEGOS
1803,UNKNOWN,UNKNOWN,PLAYSTATION 5
1804,UNKNOWN,UNKNOWN,CITYPLAY DIGITALBOKS
1805,UNKNOWN,UNKNOWN,WF-1000XM5
1806,UNKNOWN,UNKNOWN,
1807,LG SG10TY,LG SG10TY,LG SG10TY
1808,UNKNOWN,UNKNOWN,HD+
1809,LG S80TR,LG S80TY,LG S80TY
1810,UNKNOWN,UNKNOWN,
1811,UNKNOWN,UNKNOWN,
1812,UNKNOWN,UNKNOWN,KPN DECODER
1813,UNKNOWN,UNKNOWN,TV IN WOONKAME
1814,UNKNOWN,UNKNOWN,TV DA SALA DE
1815,YAMAHA YAMAHASOUNDBAR,UNKNOWN,RX-V4A
1816,UNKNOWN,UNKNOWN,CBS540A
1817,UNKNOWN,UNKNOWN,VODAFONE KABEL DEUTSCHLAND SET-TOP-BOX
1818,UNKNOWN,UNKNOWN,ONYX STUDIO 9
1819,UNKNOWN,UNKNOWN,
1820,LG LGSOUNDBAR,UNKNOWN,DIGITURK SET ST KUTU
1821,UNKNOWN,UNKNOWN,MOVISTAR TV DECODIFICADOR
1822,UNKNOWN,UNKNOWN,BD PLAYER
1823,UNKNOWN,UNKNOWN,APPLE TV
1824,UNKNOWN,UNKNOWN,
1825,LG S90TY,LG S90TY,LG US90TY
1826,UNKNOWN,UNKNOWN,DEKODER TV
1827,UNKNOWN,UNKNOWN,SKY Q
1828,UNKNOWN,UNKNOWN,
1829,UNKNOWN,UNKNOWN,AMAZON FIRETV
1830,UNKNOWN,UNKNOWN,
1831,UNKNOWN,UNKNOWN,MEDIABOX 2
1832,UNKNOWN,UNKNOWN,REDMI BUDS 3 LITE
1833,UNKNOWN,UNKNOWN,
1834,UNKNOWN,UNKNOWN,
1835,UNKNOWN,UNKNOWN,BD HTS
1836,UNKNOWN,UNKNOWN,
1837,UNKNOWN,UNKNOWN,FIRE TV STICK
1838,UNKNOWN,UNKNOWN,VIETA PRO WAY 5
1839,UNKNOWN,UNKNOWN,SKY Q
1840,UNKNOWN,UNKNOWN,SUNRISEUPCTV
1841,UNKNOWN,UNKNOWN,
1842,UNKNOWN,UNKNOWN,
1843,UNKNOWN,UNKNOWN,X96Q
1844,UNKNOWN,UNKNOWN,
1845,SONY HTS20R,SONY HTS20R,HT-S20R
1846,PHILIPS TAB6405,PHILIPS TAB6405,PHILIPS TAB6405
1847,UNKNOWN,UNKNOWN,
1848,UNKNOWN,UNKNOWN,RX-V6A
1849,UNKNOWN,UNKNOWN,PLAYSTATION 5
1850,UNKNOWN,UNKNOWN,BEIN
1851,UNKNOWN,UNKNOWN,PLAYSTATION 5
1852,UNKNOWN,UNKNOWN,SKY Q
1853,UNKNOWN,UNKNOWN,PLAYSTATION 5
1854,UNKNOWN,UNKNOWN,
1855,UNKNOWN,UNKNOWN,PLAYSTATION 5
1856,UNKNOWN,UNKNOWN,
1857,UNKNOWN,UNKNOWN,
1858,SONOS BEAM,UNKNOWN,SKY Q SET-TOP BOX
1859,UNKNOWN,UNKNOWN,NINTENDOSWITCH
1860,LG S40T,LG S40T,LG DS40T
1861,LG S40T,LG S40T,LG DS40T
1862,LG S70TR,UNKNOWN,SKY Q
1863,UNKNOWN,UNKNOWN,ARC ULTRA
1864,UNKNOWN,UNKNOWN,XBOX
1865,UNKNOWN,UNKNOWN,
1866,UNKNOWN,UNKNOWN,CINEBAR LUX
1867,UNKNOWN,UNKNOWN,NINTENDO SWITCH CONSOLA DE JUEGOS
1868,SAMSUNG SAMSUNGSOUNDBAR,ETC OTHERSOUNDBAR,SOUNDBAR
1869,LG S40T,LG S40T,LG S40T
1870,UNKNOWN,UNKNOWN,FERNSEHER IM W
1871,UNKNOWN,UNKNOWN,FIRE TV STICK
1872,UNKNOWN,UNKNOWN,FIRE TV STICK
1873,UNKNOWN,UNKNOWN,HD+
1874,UNKNOWN,UNKNOWN,HD+
1875,UNKNOWN,UNKNOWN,FIRE TV STICK
1876,LG S20A,LG S20A,LG S20A
1877,UNKNOWN,UNKNOWN,D-SMART SET ST KUTU
1878,UNKNOWN,UNKNOWN,CANAL+ POLSKA DEKODER
1879,UNKNOWN,UNKNOWN,HD+
1880,UNKNOWN,UNKNOWN,
1881,UNKNOWN,UNKNOWN,
1882,UNKNOWN,UNKNOWN,APPLE TV
1883,UNKNOWN,UNKNOWN,PLAYSTATION 5
1884,UNKNOWN,UNKNOWN,
1885,UNKNOWN,UNKNOWN,TELENOR T-WE
1886,UNKNOWN,UNKNOWN,VA EK TV BOX
1887,UNKNOWN,UNKNOWN,
1888,UNKNOWN,UNKNOWN,SKY
1889,UNKNOWN,UNKNOWN,
1890,UNKNOWN,UNKNOWN,AMAZON FIRETV
1891,LG S70TY,LG S70TY,LG S70TY
1892,UNKNOWN,UNKNOWN,APPLE TV
1893,UNKNOWN,UNKNOWN,SKY Q
1894,UNKNOWN,UNKNOWN,COSMOTE TV SET-TOP BOX
1895,UNKNOWN,UNKNOWN,
1896,UNKNOWN,UNKNOWN,
1897,UNKNOWN,UNKNOWN,
1898,LG S40T,UNKNOWN,APPLE TV
1899,LG S70TY,UNKNOWN,UMA
1900,UNKNOWN,UNKNOWN,
1901,UNKNOWN,UNKNOWN,JBL XTREME 3
1902,UNKNOWN,UNKNOWN,VODAFONE TV
1903,UNKNOWN,UNKNOWN,VODAFONE TV PL
1904,LG S70TY,LG S70TY,LG S70TY
1905,SAMSUNG HWQ930D,SAMSUNG HWQ930D,HW-Q930D N
1906,UNKNOWN,UNKNOWN,PLAYSTATION 5
1907,UNKNOWN,UNKNOWN,
1908,UNKNOWN,UNKNOWN,TV STICK
1909,UNKNOWN,UNKNOWN,BEIN
1910,UNKNOWN,UNKNOWN,
1911,SONOS ARC,UNKNOWN,FIRE TV STICK
1912,UNKNOWN,UNKNOWN,
1913,UNKNOWN,UNKNOWN,FIRE TV STICK
1914,UNKNOWN,UNKNOWN,
1915,UNKNOWN,UNKNOWN,TV DA SALA DE
1916,LG S60T,LG S60T,LG US60T
1917,UNKNOWN,UNKNOWN,UBP-X500
1918,UNKNOWN,UNKNOWN,FIRE TV STICK
1919,UNKNOWN,UNKNOWN,
1920,UNKNOWN,UNKNOWN,
1921,UNKNOWN,UNKNOWN,
1922,UNKNOWN,UNKNOWN,
1923,UNKNOWN,UNKNOWN,FIRE TV STICK
1924,UNKNOWN,UNKNOWN,TEUFEL CINEBAR ULTIMA
1925,UNKNOWN,UNKNOWN,APPLE TV
1926,UNKNOWN,UNKNOWN,EVOBOX HD
1927,UNKNOWN,UNKNOWN,AVR-X2700H
1928,UNKNOWN,UNKNOWN,
1929,UNKNOWN,UNKNOWN,FIRE TV STICK
1930,UNKNOWN,UNKNOWN,VIRGIN TV 3
1931,UNKNOWN,UNKNOWN,ZIGGO DECODER
1932,UNKNOWN,UNKNOWN,DIONE
1933,UNKNOWN,UNKNOWN,FREEBOX PLAYE
1934,JBL CINEMASB560,UNKNOWN,AMAZON FIRETV
1935,UNKNOWN,UNKNOWN,FIRE TV STICK
1936,UNKNOWN,UNKNOWN,DSTV SET-TOP BOX
1937,LG S40T,LG S40T,LG S40T
1938,UNKNOWN,UNKNOWN,FIRE TV STICK
1939,UNKNOWN,UNKNOWN,
1940,UNKNOWN,UNKNOWN,APPLE TV
1941,UNKNOWN,UNKNOWN,
1942,LG S70TY,LG S70TY,LG US70TY
1943,UNKNOWN,UNKNOWN,PLAYSTATION 4
1944,UNKNOWN,UNKNOWN,XIAOMI TV KUTU
1945,UNKNOWN,UNKNOWN,BOSE HOME SPEAKER 300
1946,UNKNOWN,SAMSUNG QSERIES,SAMSUNG SOUNDBAR J-SERIES
1947,UNKNOWN,UNKNOWN,
1948,UNKNOWN,UNKNOWN,
1949,UNKNOWN,UNKNOWN,
1950,UNKNOWN,UNKNOWN,
1951,PHILIPS HTL2163,PHILIPS HTL2163,HTL2163
1952,UNKNOWN,UNKNOWN,ESINKIN BT ADAPTER
1953,UNKNOWN,UNKNOWN,WH-CH520
1954,UNKNOWN,UNKNOWN,
1955,LG S90TY,LG S90TY,LG US90TY
1956,UNKNOWN,UNKNOWN,SKY Q
1957,UNKNOWN,UNKNOWN,CHROMECAST
1958,UNKNOWN,UNKNOWN,EUSKALTEL DECODIFICADOR
1959,UNKNOWN,UNKNOWN,MAGYAR TELEKOM BELT RI EGYS G
1960,SONOS BEAM,SONOS BEAM,SONOS BEAM
1961,UNKNOWN,UNKNOWN,BTS07
1962,UNKNOWN,UNKNOWN,AMAZON FIRE T
1963,UNKNOWN,UNKNOWN,DIGITURK SET ST KUTU
1964,UNKNOWN,UNKNOWN,PLAYSTATION 5
1965,LG SNH5,UNKNOWN,TTNET SET ST KUTU
1966,UNKNOWN,UNKNOWN,SOUNDCORE LIFE Q30
1967,UNKNOWN,UNKNOWN,ALLENTE 1
1968,LG SJ3,LG SJ3,LG SJ3
1969,LG S90TY,UNKNOWN,AMAZON FIRETV
1970,UNKNOWN,UNKNOWN,CHROMECAST
1971,UNKNOWN,UNKNOWN,
1972,UNKNOWN,UNKNOWN,VSX-1018AH
1973,UNKNOWN,UNKNOWN,
1974,UNKNOWN,UNKNOWN,
1975,UNKNOWN,UNKNOWN,CINEMA 50
1976,SAMSUNG HWQ995B,SAMSUNG HWQ995B,HW-Q995F
1977,UNKNOWN,UNKNOWN,
1978,UNKNOWN,UNKNOWN,FIRE TV STICK
1979,UNKNOWN,UNKNOWN,SKY Q
1980,UNKNOWN,UNKNOWN,
1981,UNKNOWN,UNKNOWN,H/T
1982,UNKNOWN,UNKNOWN,LG-LK72
1983,UNKNOWN,UNKNOWN,MSTAR
1984,UNKNOWN,UNKNOWN,FIRE TV STICK
1985,UNKNOWN,UNKNOWN,AMAZON FIRETV
1986,UNKNOWN,UNKNOWN,
1987,UNKNOWN,UNKNOWN,CINEBAR DUETT
1988,UNKNOWN,UNKNOWN,ORANGE TV DEKO
1989,UNKNOWN,UNKNOWN,
1990,LG LGSOUNDBAR,LG LGSOUNDBAR,LG SOUND BAR
1991,UNKNOWN,UNKNOWN,SKY
1992,UNKNOWN,UNKNOWN,VODAFONE BELT RI EGYS G
1993,UNKNOWN,UNKNOWN,SONOS MOVE
1994,UNKNOWN,UNKNOWN,
1995,UNKNOWN,UNKNOWN,
1996,UNKNOWN,UNKNOWN,
1997,BOSE SOUNDBAR500,BOSE SOUNDBAR500,SOUNDBAR 500
1998,UNKNOWN,UNKNOWN,
1999,UNKNOWN,UNKNOWN,LG OK55
