NAME_BT,NAME1,BRAND1,NAME2,BRAND2,NAME3,BRAND3,NAME4,BRAND4
,AV,,,,,,,
,AMAZON FIRE T,,,,,,,
,HDMI 2,,,,,,,
,HDMI 1,,,,,,,
STANMORE III(D2),TV IN WOONKAME,,BOSE TV SPKR,,LG CHANNELS,,,
,HDMI 2,,,,,,,
,CHROMECAST,,HDMI 2,,HDMI 3,,,
,SKY Q,SKY Q(SOUTH),HT-S40R,PS5,FIRE TV STICK,,,
,HDMI 1,,,,,,,
,BLU-RAY PLAYER,,,,,,,
,AMAZON FIRETV,AMAZON,,,,,,
,FIRE TV CUBE,BT TV,HDMI 3,,,,,
,AV,,,,,,,
,XBOX,XBOX,,,,,,
JBL TUNE560BT(F7),POLSAT BOX 4KL,,,,,,,
ACTON III(E1),,,,,,,,
,HDMI 1,,,,,,,
,HDMI 1,,,,,,,
,HDMI 1,,,,,,,
,HDMI 2,,,,,,,
,HDMI 1,,,,,,,
,AUDIO SYSTEM,SHARP,,,,,,
,MAGENTATV ONE,DEUTSCHE TELEKOM,,,,,,
,HDMI 3,,,,,,,
,LG S90TY,LG,,,,,,
LG SQC2(CC),HDMI 3,,,,,,,
,HDMI 1,,ORANGE DEKODER,ORANGE,,,,
,PS4 CONSOLA DE JUEGOS,PS4,,,,,,
,HDMI 1,,,,,,,
,HDMI 1,,HDMI 2,,,,,
,HDMI 4,,,,,,,
,AV,,,,,,,
,HDMI 1,,,,,,,
,HDMI 2,,SKY Q(SOUTH EAST) SET-TOP BOX,SKY Q(SOUTH EAST),HDMI 4,,,
,AMAZON FIRE?T,AMAZON,,,,,,
,AMAZON FIRE T,,,,,,,
,DIGITURK SET 횥ST횥 KUTU,DIGITURK,,,,,,
,APPLE TV,APPLE,,,,,,
STR-DH190(D1),HDMI 4,,,,,,,
,HDMI 1,,,,,,,
,PLAYSTATION 5,PS5,JBL BAR 5.1,JBL,POLSAT BOX 4K,POLSAT BOX,,
AIWA KBTUS-710(AC),HDMI 2,,HDMI 4,,,,,
,DVD,PIONEER,,,,,,
,APPLE TV,APPLE,,,,,,
JBL TOUR ONE(52),,,,,,,,
ANKER A7908(45),,,,,,,,
JBL LIVE FLEX 3(CE),,,,,,,,
AIRPODS PRO (SP횁NYIK) - FIND M(BE),TELECOM,,,,,,,
WH-CH720N(F0),LG S70TY,LG,,,,,,
,TELIA TV,TELIA,,,,,,
,FIRE TV STICK,,,,,,,
,HDMI 1,,,,,,,
,MAGENTATV,,HDMI 4,,,,,
,SKY Q SET-TOP BOX,SKY Q,PLAYSTATION 5,PS5,,,,
,HDMI 1,,,,,,,
,PORTUGAL TELECOM BOX,PORTUGAL TELECOM,,,,,,
,LG S90TY,LG,,,,,,
,HDMI 2,,,,,,,
VARDAGSRUM AUDIO PRO A38(1B),,,AUDIOPRO_A38,AUDIO PRO,,,,
,FIRE TV STICK,,,,,,,
,HDMI 3,,,,,,,
,HDMI 1,,,,,,,
,,KPN,,,,,,
,KPN DECODER,KPN,,,,,,
,UMA,,,,,,,
,LG DS70TR,LG,,,,,,
,HDMI 1,,,,,,,
,HDMI 2,,,,,,,
,VODAFONE TV,VODAFONE,,,,,,
,HDMI 1,,,,,,,
,HDMI 1,,,,,,,
,HDMI 1,,,,,,,
,VODAFONE ????廓????????課?誇 SET-TOP BOX,VODAFONE,VODAFONE ????廓????????課?誇 SET-TOP BOX,VODAFONE,,,,
,DECODIFICADOR,,PLAYSTATION 5,PS5,,,,
,HDMI 1,,HDMI 2,,LG SOUND BAR,LG,,
,AV RECEIVER,PIONEER,HD+,,,,,
,MAGYAR TELEKOM SET-TOP BOX,MAGYAR TELEKOM,,,,,,
,HDMI 3,,,,,,,
,BD PLAYER,LG,,,,,,
,SKY Q,SKY Q,,,,,,
,PLAYSTATION 5,PS5,,,,,,
,DECODEUR TV 6,ORANGE FIBRE OPTIQUE,,,,,,
,HDMI 4,,,,,,,
H10(37),PC,,,,,,,
,LG CHANNELS,,,,,,,
LG_SPEAKER_DS80TR_9001(57),,,,,,,,
,HDMI 1,,,,,,,
,HDMI 2,,,,,,,
LG S40T(BC),,,,,,,,
,APPLE TV,APPLE,SONY BARRA DE SOM,SONY,PLAYSTATION 5,PS5,,
VSX-830 AFCE55(55),,,,,,,,
,PLAYSTATION 5,PS5,,,,,,
,CINEBAR 11,,,,,,,
ROAM 2 (SONOS 9B7A)(7A),FIRE TV STICK,,VIRGIN TV,VIRGIN(EAST MIDLANDS),,,,
,BD_PLAYER,LG,DECODEUR UHD,ORANGE FIBRE OPTIQUE,,,,
,HD+,,,,,,,
DOQAUS LIFE 4(79),,,,,,,,
,HDMI 2,,,,,,,
,SOUND SYSTEM,,,,,,,
,DEKODER VECTRA,VECTRA,,,,,,
,HDMI 4,,,,,,,
,SKY Q,SKY Q(LONDON),SONOS ARC,SONOS,,,,
HUAWEI FREEBUDS PRO 4(3B),AMAZON FIRE TV,,,,,,,
,HDMI 1,,HT-S400,SONY,,,,
,UMA,,PLAYSTATION 4,PS4,,,,
,HDMI 1,,,,,,,
,PLAYSTATION 5,PS5,,,,,,
,HDMI 4,,,,,,,
,SKY,SKY,,,,,,
,APPLE TV,APPLE,DEUTSCHE TELEKOM BELT횋RI EGYS횋G,DEUTSCHE TELEKOM,,,,
LG S40T(79),AMAZON FIRE T,,,,,,,
,HDMI 3,,,,,,,
,MAGYAR TELEKOM BELT횋RI EGYS횋G,MAGYAR TELEKOM,,,,,,
,HDMI 1,,,,,,,
,CINEMA 70S,MARANTZ,HDMI 3,,,,,
,PSB 400,PS4,HD+,,,,,
CEPTER SOUNDBAR 5(F3),CBS540A,,,,,,,
,H96_MAX_RK3528,H96,,,,,,
,PS5 SPIELKONSOLE,PS5,BO,BOSE,,,,
,PS5 GAME CONSOLE,PS5,,,,,,
,NINTENDOSWITCH,NINTENDO SWITCH,HD+,,,,,
,VODAFONE TV,VODAFONE,,,,,,
,HDMI 1,,,,,,,
,PLAYSTATION 5,PS5,,,,,,
,HT-S20R,SONY,,,,,,
,HD+,,,,,,,
,HDMI 1,,,,,,,
,HDMI 2,,,,,,,
,AV,,LG CHANNELS,,,,,
LG SJ3(6F),,,,,,,,
PHILIPS TAB5305(51),HDMI 3,,,,,,,
,PORTUGAL TELECOM BOX,PORTUGAL TELECOM,,,,,,
XIAOMI SOUNDBAR 2.0(1B),TURKCELL SET 횥ST횥 KUTU,TURKCELL,,,,,,
,PHILIPS DVD-PLAYER,PHILIPS,HD+,,,,,
,SKY SET-TOP BOX,SKY,SONOS ARC,SONOS,,,,
LG SN7CY(C1),,,,,,,,
,LG NS70TY,LG,,,,,,
,HDMI 1,,,,,,,
,AV,,,,,,,
,KPN DECODER,KPN,,,,,,
,HDMI 3,,,,,,,
,SKY Q,SKY Q,SONOS ARC,SONOS,,,,
,TV IN WOONKAME,ODIDO,,,,,,
,TELENETTVBOX,TELENET,,,,,,
,ORANGE FIBRE OPTIQUE BO횓TIER D횋CODEUR /BOX INTERNET,ORANGE FIBRE OPTIQUE,LG S40T,LG,,,,
E-3052(DA),HDMI 1,,,,,,,
,HD+,,,,,,,
,UBP-X700/K,SONY,,,,,,
,SKY X SET-TOP-BOX,SKY X,,,,,,
,LG S40TR,LG,,,,,,
HISENSE AX3100G(A9),,,,,,,,
,HDMI 3,,,,,,,
,HDMI 2,,,,,,,
,HDMI 1,,HDMI 3,,HD+,,,
,XBOX,,APPLE TV,,SKY Q,,,
,WI-FI PREMIUM+,ADB,,,,,,
,HDMI 2,,HT-SBW202,,,,,
,XBOX ONE GAME CONSOLE,XBOX ONE,,,,,,
,PS3 沕?卍?? 磨碼万?,PS3,HDMI 2,,,,,
TEUFEL BOOMSTER GO(F1),XIAOMI BOX,XIAOMI,,,,,,
,LG S95TR,LG,,,,,,
,BD PLAYER,SAMSUNG,CONNECT TV DE,SAMSUNG,BOSE SMART SB,BOSE,,
,HDMI 1,,,,,,,
,LG S90TY,,,,,,,
,VODAFONE TV,VODAFONE,,,,,,
,SKY Q,SKY Q(LONDON),,,,,,
,BD SYSTEM,,BD SYSTEM,,,,,
,HDMI 1,,HDMI 2,,,,,
,TURKCELL SET 횥ST횥 KUTU,TURKCELL,,,,,,
LG NS60TR(7C),,,,,,,,
,CINEMA SB170,JBL,DESCODIFICADOR,,,,,
,LG DS77TY,LG,GBQUAD4K,,HD+,,,
,FIRE TV STICK,AMAZON,,,,,,
,HDMI 1,,,,,,,
,HDMI 1,,,,,,,
,HDMI 1,,,,,,,
赳????鬼 鬼龜??揆?赳 ???鬼(89),PLAYSTATION 5,PS5,YANDEX.STATION,,,,,
,HDMI 2,,,,,,,
,HDMI 1,,HDMI 2,,,,,
,TV SMART 4K BO,,,,,,,
,,CANAL+ POLSKA,,,,,,
JBL PARTYBOX ON-THE-GO(9F),AMAZON FIRETV,AMAZON,HDMI 3,,,,,
JBL BAR 5.1(46),HDMI 2,,,,,,,
,HDMI 1,,,,,,,
,LG DS60TR,LG,CHROMECAST,,,,,
,ARC ULTRA,SONOS,APPLE TV,APPLE,,,,
,BOSE SOUND BAR,BOSE,FREEVIEW SET-TOP BOX,FREEVIEW,LG DVD PLAYER,LG,,
,SKY Q,SKY Q(YORKSHIRE),,,,,,
,HT-CT790,SONY,HT-CT790,SONY,HD+,,,
,CHROMECAST,,HD+,,,,,
,HDMI 1,,,,,,,
,HDMI 1,,,,,,,
,MEO BOX,MEO,,,,,,
,BEIN 寞?碼万 ?? 碼?魔娩??邈,BEIN,HDMI 3,,,,,
,XBOX 360 HERN횒 KONZOLE,XBOX 360,BD-HDD COMBO,SAMSUNG,,,,
,AMAZON FIRETV,,,,,,,
,CANAL+ APP,,,,,,,
,MAGENTATV ONE,DEUTSCHE TELEKOM,,,,,,
,VIP1113,LATTELECOM,XIAOMI TV BOX,XIAOMI,,,,
,DIGITURK SET 횥ST횥 KUTU,DIGITURK,,,,,,
ZAPI2022(86),,,,,,,,
LG_SPEAKER_USC9S_7198(D5),SKY Q,SKY,LG USC9S,,,,,
,VODAFONE TV,VODAFONE,HD+,,,,,
,HDMI 1,,,,,,,
,LG CHANNELS,,,,,,,
JBL BOOMBOX 3 WI-FI KAROL(84),4K ULTRABOX+,CANAL+ POLSKA,,,,,,
,SONOS BEAM,SONOS,,,,,,
,HDMI 1,,,,,,,
,AMAZON FIRE?T,AMAZON,,,,,,
,APPLE TV,APPLE,AMAZON FIRETV,,,,,
,XBOX GAME CONSOLE,XBOX,,,,,,
,HD+,,,,,,,
,HDMI 2,,,,,,,
,HDMI 1,,,,,,,
MDR-ZX330BT(A5),SOUNDBAR,,,,,,,
,HDMI 1,,HD+,,,,,
,NOW TV,NOW TV BY SKY,,,,,,
,FIRE TV STICK,,,,,,,
,SKY,SKY,LG USC9S,LG,,,,
,PLAYSTATION 5,PS5,,,,,,
,SKY Q,SKY Q(WALES),LG USE6S,LG,,,,
,HD+,,,,,,,
,XBOX ONE GAME CONSOLE,XBOX ONE,,,,,,
,FIRE TV STICK,,,,,,,
,TV?DEL SAL?N,,,,,,,
AIRPODS DE JO횄O PEDRO(D8),LG S70TY,LG,,,,,,
,HDMI 1,,,,,,,
,HDMI 1,,,,,,,
,EVOBOX 4K,DARK,,,,,,
,PLAYSTATION 5,PS5,TELEWIZOR W SA,PLAY,,,,
,BEIN BO횓TIER D횋CODEUR /BOX INTERNET,BEIN,,,,,,
HT-SF150(02),AMAZON FIRE T,,,,,,,
BP MS46BT(C6),,,,,,,,
,PLAYSTATION 5,PS5,,,,,,
,CDV DECODER,CDV,,,,,,
,HDMI 4,,,,,,,
,AV RECEIVER,DENON,AVR-X2700H,DENON,,,,
,HDMI 1,,MY TV OTT,MY TV,,,,
,AMAZON FIRE?T,AMAZON,PLAYSTATION 5,PS5,M10 V3,,,
,SKY Q,SKY X,,,,,,
,HDMI 1,,,,,,,
,HDMI 2,,,,,,,
,HDMI 3,,,,,,,
,HDMI 1,,,,,,,
TUMBI흧??1D),,,,,,,,
,HDMI 1,,,,,,,
,AMINO STB,AMINO,B&O STAGE,,,,,
,HD+,,,,,,,
,MOVISTAR TV(CASTILLA Y LE횙N) DECODIFICADOR,MOVISTAR TV(CASTILLA Y LE횙N),,,,,,
,RX-A1040,YAMAHA,BD-A1040,YAMAHA,HD+,,,
,BD PLAYER,PANASONIC,SKY Q,PANASONIC,,,,
,FIRE TV STICK,,,,,,,
,T?L?VISEUR DE,PROXIMUS TV,,,,,,
MUSIC FRAME(6B),PC,,,,,,,
,MAGYAR TELEKOM BELT횋RI EGYS횋G,MAGYAR TELEKOM,,,,,,
,??????? ???? ?,,,,,,,
,FIRE TV STICK,,,,,,,
AIRPODS PRO VON JANIN - FIND MY(4F),SKY SET-TOP-BOX,SKY,,,,,,
,HDMI 2,,HDMI 3,,,,,
,APPLE TV,APPLE,,,,,,
,NINTENDOSWITCH,NINTENDO SWITCH,APPLE TV,APPLE,,,,
BOSE NC 700 HP(BF),BOSE BARRE DE SON,BOSE,,,,,,
,FIRE TV STICK,,,,,,,
,TV+ TURKCELL SET 횥ST횥 KUTU,TV+ TURKCELL,,,,,,
,AMAZON FIRETV,,HDMI 4,,HD+,,,
,FERNSEHER IM W,DEUTSCHE TELEKOM,,,,,,
MX-SK72(55),LG CHANNELS,,,,,,,
,TEUFEL SOUNDBAR,TEUFEL,,,,,,
,EE TV,,,,,,,
,EE TV,BT TV,,,,,,
,HDMI 4,,,,,,,
,BD_PLAYER,LG,ATS-C200,YAMAHA,,,,
,,SKY,,,,,,
,ARC ULTRA,SONOS,,,,,,
,FIRE TV STICK,AMAZON,,,,,,
,AVC-X6700H,,,,,,,
,AUDIOSYSTEM,,,,,,,
,-,,,,,,,
,ALTIBOX DIGITALBOKS,ALTIBOX,,,,,,
,FIRE TV STICK,,UBP-X800M2,SONY,,,,
,VODAFONE TV,VODAFONE,,,,,,
,PORTUGAL TELECOM BOX,PORTUGAL TELECOM,,,,,,
,HDMI 1,,,,,,,
HECO ASCADA 2.0(34),,,,,,,,
,AV,,,,,,,
,HDMI 1,,,,,,,
,STREAM BOX,VIRGIN(LONDON),,,,,,
,HD+,,,,,,,
LG S70TY(CF),,,,,,,,
,HDMI 1,,HD+,,,,,
,BD,SONY,HDMI 2,,,,,
,HD+,,,,,,,
,HD+,,,,,,,
LOGITECH BT ADAPTER(83),MAGENTATV ONE,DEUTSCHE TELEKOM,,,,,,
,PLAYSTATION 5,PS5,,,,,,
,HDMI 1,,LG CHANNELS,,,,,
,SKY Q,SKY Q(YORKSHIRE),LG USG10TY,LG,FIRE TV STICK,AMAZON,,
,HDMI 2,,,,,,,
,BBOXTV,BOUYGUES TELECOM,,,,,,
,HDMI 1,,,,,,,
,HDMI 1,,HDMI 2,,,,,
LG SK4D(93),AMAZON FIRETV,,,,,,,
,M키HOLD BELT횋RI EGYS횋G,UPC,,,,,,
,HDMI 1,,,,,,,
MIDDLETON(05),HDMI 1,,,,,,,
,HDMI 2,,,,,,,
,HDMI 2,,,,,,,
,HW-Q930D_N,SAMSUNG,HDMI 3,,,,,
,HDMI 3,,,,,,,
,MAGYAR TELEKOM BELT횋RI EGYS횋G,MAGYAR TELEKOM,,,,,,
,POSEIDON D60,,,,,,,
,HDMI 1,,,,,,,
,PC,,DIGI BELT횋RI EGYS횋G,DIGI,,,,
,VODAFONE TV,VODAFONE,HD+,,,,,
,FIRE TV STICK,AMAZON,,,,,,
,HDMI 1,,,,,,,
BOSE MINI II SOUNDLINK(EF),SKY Q SET-TOP BOX,SKY Q,HOME THEATER,,,,,
,XBOX KONSOLA DO GIER,XBOX,DHT-S517,DENON,,,,
,AMAZON FIRETV,,LG DS90TY,LG,,,,
,HDMI 3,,,,,,,
BKH 272(DB),HDMI 1,,,,,,,
,CANAL+ POLSKA DEKODER,CANAL+ POLSKA,,,,,,
,HDMI 3,,,,,,,
,HDMI 4,,,,,,,
,ARC ULTRA,SONOS,HD+,,,,,
,HDMI 1,,,,,,,
,SKY Q(SCOTLAND CENTRAL (EAST)) SET-TOP BOX,SKY Q(SCOTLAND CENTRAL (EAST)),HDMI 2,,,,,
AIRPODS혻PRO DE MACBOOK(E3),HDMI 3,,LG CHANNELS,,,,,
,KPN DECODER,KPN,,,,,,
,EC6109V1,PROXIMUS TV,LG CHANNELS,,,,,
,MAGYAR TELEKOM BELT횋RI EGYS횋G,MAGYAR TELEKOM,,,,,,
,HDMI 1,,,,,,,
,APPLE TV,APPLE,HW-Q990B,SAMSUNG,HDMI 3,,,
,XBOX GAME CONSOLE,XBOX,HW-Q990D,SAMSUNG,,,,
,HDMI 1,,,,,,,
,KPN DECODER,KPN,PHILIPS B6309,PHILIPS,,,,
,EVOBOX STREAM,POLSAT BOX,,,,,,
,SKY Q,SKY Q,BD,SONY,LG US20A,LG,WII,
,PLAYSTATION 5,PS5,,,,,,
SAMSUNG WIRELESS AUDIO(60),,,,,,,,
GRUNDIG CMS 5000(E7),HD+,,,,,,,
,PC,,,,,,,
,SHIELD,SHIELD,HT-ZF9,SONY,HT-ZF9,SONY,,
,BEIN SET-TOP BOX,BEIN,,,,,,
LG SP2(24),FIRE TV STICK,,,,,,,
PHILIPS MMS2220B(0E),,,,,,,,
,MARIE,SFR,,,,,,
,FIRE TV STICK,AMAZON,,,,,,
,HDMI 1,,,,,,,
,LG SC9S,LG,,,,,,
EW77(DE),AMAZON FIRETV,,,,,,,
LG LAS355B(4A),,,,,,,,
,HDMI 1,,,,,,,
,LG CHANNELS,,,,,,,
,FREEBOX PLAYE,FREE,,,,,,
,HDMI 2,,,,,,,
,HDMI 1,,DESCODIFICADOR,,,,,
,APPLE TV,APPLE,,,,,,
,APPLE TV,APPLE,SOUNDBAR,,XIAOMI TV BOX,XIAOMI,,
,DIGITURK SET 횥ST횥 KUTU,DIGITURK,,,,,,
,APPLE TV,APPLE,HTL3110,PHILIPS,,,,
,HDMI 2,,,,,,,
,HDMI 1,,,,,,,
,FERNSEHER IM W,DEUTSCHE TELEKOM,,,,,,
,EE TV,BT TV,SOUNDBAR,SAMSUNG,,,,
,DEUTSCHE TELEKOM SET-TOP-BOX,DEUTSCHE TELEKOM,,,,,,
,AMAZON FIRE?T,AMAZON,,,,,,
,RAUMFELD,TEUFEL,AMAZON FIRETV,,,,,
,CHROMECAST,,SONOS BEAM,SONOS,APPLE TV,APPLE,,
,LG DS77TY,AMINO,,,,,,
,HDMI 1,,VODAFONE TV(ANDALUC횒A) DECODIFICADOR,VODAFONE TV(ANDALUC횒A),,,,
,ARC ULTRA,SONOS,HIS,DEUTSCHE TELEKOM,,,,
,FREEBOX PLAYER,FREEBOX,,,,,,
,TV IN WOONKAME,FORMULER,,,,,,
,FJERNSYN I SO,ALLENTE,,,,,,
,HDMI 1,,HDMI 2,,,,,
,XBOX GAME CONSOLE,XBOX,SKY Q(LONDON) SET-TOP BOX,SKY Q(LONDON),,,,
,TV HUB MINI,,,,,,,
,HDMI 2,,,,,,,
,AV,,,,,,,
,HDMI 3,,,,,,,
,HDMI 3,,,,,,,
,PLAYSTATION 4,PS4,,,,,,
,RX-V6A,,,,,,,
,JBL BAR 1000,,,,,,,
,碼???磨??魔邈,,,,,,,
LG SJ3(00),,,,,,,,
,TELEWIZOR W SA,PLAY,,,,,,
LG SNH5(03),DIGITURK SET 횥ST횥 KUTU,DIGITURK,,,,,,
SY-BT1632(7D),HDMI 2,,,,,,,
,HDMI 1,,,,,,,
,HDMI 2,,,,,,,
,FIRE TV STICK,,,,,,,
,AMAZON FIRETV,AMAZON,,,,,,
,AV,,,,,,,
,HIWAY,INEA,AUDIO SYSTEM,PANASONIC,PLAYSTATION 5,PS5,,
,PS5 GAME CONSOLE,PS5,APPLE TV,APPLE,,,,
,MAGYAR TELEKOM BELT횋RI EGYS횋G,MAGYAR TELEKOM,,,,,,
,SHIELD,SHIELD,JBL BAR 9.1,JBL,,,,
,AVR-X2700H,,,,,,,
ULT WEAR(15),,,,,,,,
FRESH ?셄 REBEL 3AHP201(D2),,,,,,,,
,FIRE TV STICK,,,,,,,
,BOX TV,NETPLUS,,,,,,
BOSE QC ULTRA HEADPHONES(54),,,,,,,,
,HDMI 2,,,,,,,
,HDMI 1,,,,,,,
BOSE QC HEADPHONES(A5),,,,,,,,
,AMAZON FIRE T,,,,,,,
,MEDIABOX 2,ZIGGO,,,,,,
,HDMI 2,,,,,,,
,SKY Q,SKY Q,,,,,,
HT-SF200/201(E7),,,,,,,,
,LG USC9S,LG,,,,,,
,PLAYSTATION 5,PS5,,,,,,
,LG DS80TR,LG,,,,,,
,B&O THEATRE,,,,,,,
,CHROMECAST HD,,PLAYSTATION 5,PS5,,,,
,HDMI 2,,,,,,,
,HDMI 1,,,,,,,
,LG S80TY,LG,HD+,,,,,
,HDMI 1,,,,,,,
,HDMI 3,,,,,,,
SOUNDCORE AEROFIT 2(6C),,,,,,,,
,HDMI 1,,,,,,,
622539(07),HDMI 1,,,,,,,
,HDMI 2,,,,,,,
,DEKODER 4K MUL,ORANGE,,,,,,
,APPLE TV,APPLE,,,,,,
,SOUNDBAR 900,BOSE,HD+,,,,,
,OTETV ????廓????????課?誇 SET-TOP BOX,OTETV,XIAOMI TV BOX,HELLAS ONLINE,,,,
,FIRE TV STICK,AMAZON,,,,,,
,HDMI 1,,,,,,,
,HDMI 1,,,,,,,
,SONOS ARC,PS5,,,,,,
,HDMI 1,,,,,,,
,BD_PLAYER,LG,DENON SOUNDBAR,DENON,,,,
,APPLE TV,APPLE,,,,,,
SOUNDCORE V20I(2A),HD+,,,,,,,
,LG CHANNELS,,,,,,,
BEOSOUND LEVEL-37354608(D1),,,,,,,,
LG SQC1(9E),,,,,,,,
,HDMI 1,,,,,,,
,PS5 CONSOLA DE JUEGOS,PS5,,,,,,
SALON(E1),SFR BO횓TIER D횋CODEUR /BOX INTERNET,SFR,,,,,,
[HTS]F9750W(95),VODAFONE KABEL DEUTSCHLAND DEKODER,VODAFONE KABEL DEUTSCHLAND,BD-THEATER,SAMSUNG,RECEIVER,SAMSUNG,VODAFONE KABEL DEUTSCHLAND DEKODER,VODAFONE KABEL DEUTSCHLAND
,HDMI 3,,,,,,,
,SKY Q,SKY Q,,,,,,
,SKY,SKY,,,,,,
,AMAZON FIRETV,AMAZON,,,,,,
,HDMI 1,,,,,,,
,PO훻횒TA훻,,,,,,,
,LG USC9S,LG,FREESAT TV BOX,FREESAT UK,,,,
AIRPODS PRO(AC),,,,,,,,
CRYSTAL AUDIO CASB240HD(48),HDMI 1,,,,,,,
,LG S40TR,,UPC DEKODER,UPC,,,,
,MY-HD 寞?碼万 ?? 碼?魔娩??邈,MY-HD,,,,,,
,VIP1113,ARRIS,,,,,,
BOSE SOUNDLIN(B4),,,,,,,,
,LG DSG10TY,,HD+,,,,,
,AMAZON FIRETV,,LG S95TR,LG,,,,
LG S77TY(F8),FREEBOX PLAYE,,,,,,,
,APPLE TV,APPLE,TV:N I VARDAGS,,CBS540A,,,
,LG DS90TY,LG,,,,,,
,AMAZON FIRETV,AMAZON,,,,,,
,HDMI 1,,,,,,,
,MAGENTATV ONE,DEUTSCHE TELEKOM,,,,,,
YQ-88C(2C),,,,,,,,
,HDMI 1,,,,,,,
,HDMI 3,,,,,,,
,PS4 SPIELKONSOLE,PS4,HD+,,,,,
,AV,,,,,,,
,HDMI 1,,,,,,,
,AV,,HDMI 1,,,,,
BOSE DI RAFFA(56),APPLE TV,APPLE,SKY,SKY Q,,,,
,WAIPU TV STICK,,,,,,,
,HDMI 1,,,,,,,
,DIGITURK SET 횥ST횥 KUTU,DIGITURK,,,,,,
,PLAYSTATION 5,PS5,AUDIO SYSTEM,PHILIPS,,,,
,HDMI 1,,,,,,,
JBL BOOMBOX 2(EB),HD+,,,,,,,
LG S40TR(B9),SF8008,,LG S40TR,LG,,,,
,KPN DECODER,KPN,,,,,,
,HDMI 1,,,,,,,
,HDMI 1,,,,,,,
,AV,,HDMI 1,,,,,
MUSE M-282 CTV(D0),HDMI 2,,,,,,,
,SKY Q,,FIRE TV STICK,,,,,
,SKY Q,,,,,,,
,MEDIABOX 1,ZIGGO,ARC ULTRA,SONOS,APPLE TV,APPLE,,
,AVR-X2800H,,,,,,,
,PLAYSTATION 5,PS5,,,,,,
,SKYLINK CZ,,,,,,,
,HDMI 1,,,,,,,
,XIAOMI TV KUTU,XIAOMI,,,,,,
,HDMI 4,,,,,,,
,DAGLIGSTUE,APPLE,,,,,,
,4K ULTRABOX+,CANAL+ POLSKA,,,,,,
ECHO DOT-FTC(C1),,,,,,,,
FRESH ?셄 REBEL 3AHP211(8F),HDMI 1,,,,,,,
,HDMI 3,,,,,,,
,CANAL PLUS BO,,,,,,,
,HDMI 1,,,,,,,
GALAXY BUDS PRO (1CBF)(BF),HDMI 2,,LG US40T,LG,SKY Q,SKY Q(YORKSHIRE),,
,AMINO STB,DELTA,SONOS AMP,SONOS,,,,
,HD+,,,,,,,
LG S60T(84),,,,,,,,
,VODAFONE TV,VODAFONE,,,,,,
,PLAYSTATION 5,PS5,,,,,,
,HDMI 1,,,,,,,
,HD+,,,,,,,
,HDMI 3,,,,,,,
,TELENOR DEKODER,TELENOR,,,,,,
,AV,,,,,,,
,UMA,,,,,,,
AIRPODS PRO (奎??赳??) - FI(7B),,,,,,,,
X08(21),MOVISTAR+,,,,,,,
,MOVISTAR TV(ASTURIAS) DECODIFICADOR,MOVISTAR TV(ASTURIAS),,,,,,
,HDMI 2,,,,,,,
,VIRGIN TV 1,VIRGIN(WEST),SHIELD,SHIELD,,,,
,HDMI 2,,,,,,,
,HDMI 1,,LG CHANNELS,,,,,
HONOR CHOICE EARBUDS S7(16),,,,,,,,
,APPLE TV,APPLE,,,,,,
,CHROMECAST,,,,,,,
[AV] SAMSUNG SOUNDBAR K450 K-SERIES(EE),VIRGIN TV,,,,,,,
LG OM4560(26),,,,,,,,
,LG CHANNELS,,,,,,,
SC-HTB100(B9),SC-HTB100,,,,,,,
,AMAZON FIRETV,,APPLE TV,APPLE,HD+,,,
,FIRE TV STICK,,,,,,,
LG US40TR(E0),LG US40TR,,,,,,,
,LG CHANNELS,,,,,,,
,HDMI 1,,,,,,,
FREEBUDS 3(36),SHIELD,SHIELD,,,,,,
,HDMI 1,,,,,,,
AIRPODS PRO (T횙BI횁S) - FIND M(F9),HDMI 2,,,,,,,
,HDMI 2,,,,,,,
,SKY SET-TOP BOX,SKY,,,,,,
,HD+,,,,,,,
,HDMI 3,,,,,,,
,PLAYSTATION 5,PS5,,,,,,
,VIRGIN TV,VIRGIN(WEST MIDLANDS),HDMI 2,,FIRE TV STICK,AMAZON,,
SOUNDCORE Q20I(A1),HDMI 1,,ARC ULTRA,SONOS,,,,
,AMAZON FIRETV,ORANGE FIBRE OPTIQUE,HDMI 3,,,,,
,PS4 SPELKONSOL,PS4,APPLE TV,APPLE,SONOS BEAM,SONOS,,TELE2
,FIRE TV STICK,,SONOS BEAM,SONOS,,,,
K1(9D),,,,,,,,
DR58(E6),HDMI 1,,HDMI 2,,HDMI 3,,,
,BOSESMARTULTRA,PS5,AMAZON FIRETV,,,,,
JBL CLIP 4(E1),,,,,,,,
,AMAZON FIRE T,,,,,,,
,AMAZON FIRETV,,,,,,,
TD-TW16(CF),PC,,,,,,,
,XBOX ONE CONSOLA DE JOC,XBOX ONE,,,,,,
JBL XTREME LILI(B4),XBOX,XBOX,,,,,,
,LG CHANNELS,,,,,,,
,HDMI 1,,BOSE LIFESTYLE,,HD+,,,
,DMP-PLAY,,,,,,,
ADDON T8(6A),HD+,,,,,,,
,AV,,,,,,,
,TELENETTVBOX,,SONOS ARC,SONOS,LG CHANNELS,,,
,VIRGIN SET-TOP BOX,VIRGIN,,,,,,
,HDMI 1,,ENCHANT 900,,,,,
,TELENOR DIGITALBOKS,TELENOR,,,,,,
JABRA ELITE 65T(53),HTR-3072,,,,,,,
,HDMI 1,,,,,,,
,TELENOR DIGITALBOKS,TELENOR,HS2100,HISENSE,HDMI 3,,,
,HDMI 1,,,,,,,
,SKY Q,SKY Q(CAMBRIDGESHIRE),,,,,,
JABRA EVOLVE2 75(BD),,,,,,,,
,BD,SONY,FVP-4KGTR,SONY,FIRE TV STICK,SONY,,
,HDMI 1,,,,,,,
,HDMI 1,,,,,,,
,HDMI 1,,,,,,,
,LG S70TY,LG,,,,,,
,HDMI 1,,HDMI 3,,,,,
,HDMI 1,,HDMI 3,,,,,
BUDS2 PRO DE SUSANA #2(1B),VODAFONE TV(COMUNIDAD DE MADRID) DECODIFICADOR,VODAFONE TV(COMUNIDAD DE MADRID),,,,,,
,SKY Q,SKY Q(WEST MIDLANDS),,,,,,
,BOUYGUES TELECOM BO횓TIER D횋CODEUR /BOX INTERNET,BOUYGUES TELECOM,,,,,,
,HDMI 1,,HS3100,HISENSE,,,,
,HDMI 1,,,,,,,
,PLAYSTATION 5,PS5,,,,,,
,DHT-S517,DENON,VIP1113,JAMBOX,,,,
KILBURN III(E8),PLAYSTATION 5,PS5,,,,,,
,TV DA SALA DE,VODAFONE,,,,,,
,HDMI 1,,,,,,,
JBL XTREME 2 GM(5E),PS5 J횁T횋KKONZOL,PS5,,,,,,
,APPLE TV,APPLE,,,,,,
,APPLE TV,APPLE,SONOS ARC,SONOS,,,,
,HD+,,,,,,,
,HD+,,,,,,,
,LG US20A,,SKY Q,SKY Q(SCOTLAND CENTRAL (WEST)),,,,
,HDMI 1,,,,,,,
,EVOBOX LITE,POLSAT BOX,,,,,,
,NAPPALI,DEUTSCHE TELEKOM,,,,,,
,HDMI 1,,,,,,,
,SKY Q,SKY Q,,,,,,
,HDMI 1,,,,,,,
,HDMI 2,,,,,,,
,HDMI 1,,,,,,,
,MEO BOX,MEO,,,,,,
,HDMI 2,,,,,,,
,MEDIABOX,ZIGGOGO,,,,,,
,HDMI 1,,,,,,,
,MEDIABOX,ZIGGO,SHIELD,SHIELD,,,,
,SKY SET-TOP BOX,SKY,,,,,,
,HDMI 1,,,,,,,
,AV,,,,,,,
,LG NS77TY,LG,,,,,,
,HDMI 2,,,,,,,
,HDMI 2,,,,,,,
,PLAYSTATION 5,PS5,,,,,,
,ATS-2090,,PLAYSTATION 5,PS5,HD+,,,
,HDMI 2,,,,,,,
,AV,,,,,,,
,HDMI 1,,CINEMA SB560,,,,,
,HDMI 2,,,,,,,
DOUG?셎 AIRPODS PRO 2 - FIND M(B5),VIRGIN TV 1,VIRGIN,BOSESMARTULTRA,BOSE,APPLE TV,APPLE,HDMI 4,
,AX 5125H,HISENSE,,,,,,
,HDMI 1,,,,,,,
,HDMI 1,,,,,,,
,HDMI 1,,,,,,,
ENACFIRE  FUTURE(00),CHROMECAST,GOOGLE,RX-V771,,HD+,,,
,SKY,SKY SD(SOUTH),FIRE TV STICK,,,,,
,T-HOME BELT횋RI EGYS횋G,T-HOME,,,,,,
D-PHONAK APPARECCHIO ACUSTICO(AE),,,,,,,,
,SOUNDBAR 500,BOSE,SKY Q,SKY DEUTSCHLAND,,,,
,KPN DECODER,KPN,,,,,,
,HDMI 2,,,,,,,
,HDMI 1,,,,,,,
,SKY Q,SKY Q,,,,,,
,HW-Q800F,SAMSUNG,,,,,,
,RT-G2,,,,,,,
,CINEMA SB580,,,,,,,
,HDMI 1,,,,,,,
,HDMI 1,,,,,,,
ASTEROIDE(28),PC,,LG NS70TR,LG,HDMI 4,,,
,HT-G700,,FIRE TV STICK,AMAZON,,,,
,SALON,X96,,,,,,
,FIRE TV STICK,VIRGIN(NORTH WEST),,,,,,
,HDMI 1,,,,,,,
,SKY SD(CAMBRIDGESHIRE) SET-TOP BOX,SKY SD(CAMBRIDGESHIRE),,,,,,
,PHILIPS HTB,PHILIPS,PHILIPS HTB,PHILIPS,MACIEJ,,,
,PHILIPS B5109,PHILIPS,,,,,,
,VIRGIN TV,VIRGIN(LONDON),,,,,,
,PLAYSTATION 5,PS5,,,,,,
,TTNET SET 횥ST횥 KUTU,TTNET,,,,,,
,EON SMART BOX,NOVA,,,,,,
,DV8547_AVATEL,,,,,,,
JBL TUNE 720BT(BB),,,,,,,,
,AMAZON FIRE T,,,,,,,
,BOSE TV SPKR,BOSE,,,,,,
,HD+,,,,,,,
,HDMI 2,,,,,,,
VIETA PRO WAY 5(81),,,,,,,,
LAMINITK(14),HDMI 2,,,,,,,
,LG CHANNELS,,,,,,,
,SUNRISE TV,UPC,,,,,,
,LG DSC9S,LG,MEDIABOX 2,ZIGGOGO,,,,
,LG CHANNELS,,,,,,,
,SKY Q(LONDON) SET-TOP BOX,SKY Q(LONDON),,,,,,
TEUFEL REAL BLUE NC(A3),STB,,,,,,,
,AVR-X2700H,DENON,,,,,,
,HDMI 4,,,,,,,
,TEUFEL CS 42,TEUFEL,DEUTSCHE TELEKOM SET-TOP-BOX,DEUTSCHE TELEKOM,HD+,,,
,XBOX,XBOX,,,,,,
,EE TV,BT TV,,,,,,
,VIP7802,ETISALAT,,,,,,
,PS4 CONSOLA DE JUEGOS,PS4,,,,,,
,LG CHANNELS,,,,,,,
,RX-V779,,,,,,,
,SKY Q,SKY DEUTSCHLAND,,,,,,
,HDMI 3,,,,,,,
,HDMI 1,,HDMI 2,,BD SYSTEM,SONY,BD SYSTEM,SONY
,HDMI 1,,,,,,,
,HDMI 1,,,,,,,
,LG CHANNELS,,,,,,,
,HDMI 1,,,,,,,
LG SQC1(53),,,,,,,,
,HDMI 1,,,,,,,
,SKY Q,SKY Q,,,,,,
,SKY,SKY Q(NORTH WEST),HDMI 2,,APPLE TV,APPLE,,
LG NS77TY(D8),,,,,,,,
,FIRE TV STICK,AMAZON,,,,,,
,HDMI 2,,,,,,,
,SATELLIT,SKY,HW-B6 SERIES,SAMSUNG,,,,
,NINTENDOSWITCH,NINTENDO SWITCH,LG S20A,LG,,,,
,HDMI 1,,,,,,,
,LG DS90TR,LG,,,,,,
WITTE KAST(3C),LIVING ROOM TV,GOOGLE,PLAYSTATION 5,PS5,LG CHANNELS,,,
,AMAZON FIRETV,,,,,,,
,SKY Q,,,,,,,
,AMAZON FIRE T,,,,,,,
,HD+,,,,,,,
BEDROOM (SONOS 2410)(10),,,,,,,,
LG_SPEAKER_SC9S_4449(3B),,,,,,,,
,HDMI 1,,,,,,,
,VIRGIN SET-TOP BOX,VIRGIN,,,,,,
,HDMI 1,,FIRE TV STICK,AMAZON,VM TV LOUNGE,VIRGIN(SCOTLAND CENTRAL (EAST)),,
BOSE REVOLVE II SOUNDLINK(BC),,,,,,,,
,PLAYSTATION 5,PS5,,,,,,
,LG REPRODUCTOR DE DVD,LG,LG S95TR,LG,,,,
,EVOBOX PVR,POLSAT BOX,,,,,,
,HD+,,,,,,,
,POLK REACT,POLK AUDIO,,,,,,
REDMI BUDS 4 LITE(99),,,,,,,,
,HDMI 1,,,,,,,
,SKY Q,SKY Q(SOUTH WEST),LG US70TY,LG,SKY ONLINE TV,ROKU,,
[AV] SAMSUNG SOUNDBAR M4500 M-SERIES(50),,,,,,,,
LG S40T(4F),LG S40T,LG,HDMI 3,,,,,
,PC,,,,,,,
WIIM MINI-OLKKARI(ED),,,,,,,,
LG SQC2(92),HDMI 1,,HDMI 2,,,,,
LG S70TR(93),LG S70TR,LG,,,,,,
MAJOR IV(A5),XBOX KONSOLA DO GIER,XBOX,UPC DEKODER,UPC,,,,
,HDMI 2,,HDMI 3,,,,,
,,SKY Q,LG S95TR,LG,,,,
,HDMI 1,,SONOS BEAM,SONOS,,,,
,ORANGE FIBRE OPTIQUE BO횓TIER D횋CODEUR /BOX INTERNET,ORANGE FIBRE OPTIQUE,,,,,,
,FIRE TV STICK,AMAZON,,,,,,
,FIRE TV STICK,,,,,,,
,APPLE TV,APPLE,,,,,,
,HDMI 2,,,,,,,
,AMAZON FIRE?T,AMAZON,HD+,,,,,
[ AV ] SAMSUNG SOUNDBAR Q70T(81),HDMI 4,,,,,,,
,AMAZON OTT,AMAZON,,,,,,
,SKY,SKY Q(NORTH WEST),,,,,,
,DIGITURK SET 횥ST횥 KUTU,DIGITURK,HDMI 2,,,,,
,SONOS BEAM,SONOS,,,,,,
,DIGI R2A,MOVISTAR TV(CASTILLA-LA MANCHA),,,,,,
AIRPODS PRO (E0),,,,,,,,
,HDMI 2,,,,,,,
,AMAZON FIRETV,AMAZON,SAMSUNG DVD-PLAYER,SAMSUNG,HD+,,,
,PS5 ?幕膜馬 碼?魔幕?? ?? 碼?粒?晩碼磨,PS5,,,,,,
,HDMI 3,,,,,,,
,TV IN WOONKAME,,,,,,,
,HD+,,,,,,,
,NINTENDOSWITCH,NINTENDO SWITCH,,,,,,
,MAGENTATV ONE,DEUTSCHE TELEKOM,,,,,,
,HDMI 2,,HDMI 3,,,,,
,,KPN,HT-MT500/501,SONY,HT-MT500/501,SONY,,
,FREEBOX PLAYE,FREEBOX,,,,,,
JANI?셎 AIRPODS - FIND MY(77),HDMI 2,,,,,,,
JBL XTREME 3(7B),,,,,,,,
,HDMI 1,,,,,,,
,HDMI 2,,,,,,,
,SKY Q,SKY Q,,,,,,
,MOVISTAR TV,MOVISTAR TV(CANTABRIA),,,,,,
MITV-AESP0 9272(9E),,,,,,,,
,CONNECT TV DE,SFR,,,,,,
CREATIVE STAGE(A0),SK,SKY Q,,,,,,
,HDMI 1,,,,,,,
,SOUNDBAR 500,BOSE,HD+,,,,,
,,SKY Q(LONDON),SOUNDTOUCH 300,BOSE,,,,
,SKY DEUTSCHLAND SET-TOP-BOX,SKY DEUTSCHLAND,HD+,,,,,
,UMA,,,,,,,
,PC,,,,,,,
,HDMI 1,,,,,,,
,HDMI 1,,HDMI 2,,,,,
,XBOX GAME CONSOLE,XBOX,,,,,,
,BD SYSTEM,,BD SYSTEM,,,,,
,HDMI 1,,,,,,,
,FIRE TV STICK,,PS5 GAME CONSOLE,PS5,PORTUGAL TELECOM SET-TOP BOX,PORTUGAL TELECOM,,
,MINIX OTT,MINIX,,,,,,
,PC,,,,,,,
,CITATION MB,,HDMI 3,,,,,
,EVOBOX 4K,DARK,,,,,,
,LG DSC9S,LG,,,,,,
,HDMI 1,,,,,,,
,LG S70TY,LG,,,,,,
BOSE PORTABLE HOME SPEAKER(4F),AMAZON FIRE?T,AMAZON,HD+,,,,,
,,,FIRE TV STICK,,,,,
,PS5 GAME CONSOLE,PS5,,,,,,
,VIRGIN SET-TOP BOX,VIRGIN,,,,,,
SALON(3D),TV STICK,,VU+ DEKODER,VU+,,,,
BUDS FE DI ALESSANDRO(11),,,,,,,,
,HDMI 2,,,,,,,
JBL TUNE 520BT(5D),CINEMA SB580,,,,,,,
,SFR BO횓TIER D횋CODEUR /BOX INTERNET,SFR,LG S60T,LG,,,,
,HD+,,,,,,,
ECHO SHOW 5-B8W(0A),,,,,,,,
MARTYN?셎 AIRPODS - FIND MY(4D),,,,,,,,
,HDMI 1,,HDMI 3,,,,,
LG-SQM1 (80),HDMI 1,,HDMI 3,,,,,
,HDMI 1,,,,,,,
,HDMI 1,,,,,,,
,FIRE TV STICK,VIRGIN(YORKSHIRE),VIRGIN TV,,,,,
BP MS50BT(24),,,,,,,,
,HDMI 1,,,,,,,
,HDMI 4,,,,,,,
,VODAFONE SET-TOP BOX,VODAFONE,HDMI 2,,,,,
,CINEMA SB550,JBL,,,,,,
HT-G700(B4),HDMI 4,,,,,,,
LG SH5A(1C),HDMI 1,,,,,,,
ENERGY TOWER 5(BE),AMAZON FIRE T,AMAZON,,,,,,
,AMAZON FIRETV,,,,,,,
,HDMI 1,,,,,,,
,AMAZON FIRE TV STICK,,,,,,,
JBZ(8F),AV,,PS3 ??????赳 ???鬼??糾,PS3,,,,
,HDMI 4,,,,,,,
,KPN DECODER,KPN,,,,,,
ESSB_MS-E-200-D(2E),,,,,,,,
,YOUSEE TV,YOUSEE,,,,,,
,VODAFONE TV(MURCIA) DECODIFICADOR,VODAFONE TV(MURCIA),VONTAR H618,,,,,
,TV HUB,TELE2,,,,,,
,HDMI 1,,HDMI 2,,,,,
,LG NS77TY,LG,,,,,,
,HDMI 1,,,,,,,
,HDMI 1,,,,,,,
,AMAZON FIRETV,,,,,,,
,EVOBOX PVR,POLSAT BOX,,,,,,
,YAS-209,,SALON,PS5,PLAYSTATION 5,PS5,,
,SKY,BT TV,,,,,,
,4K ULTRABOX+,CANAL+ POLSKA,,,,,,
,HDMI 1,,,,,,,
,VIRGIN TV,VIRGIN,,,,,,
,APPLE TV,APPLE,,,,,,
,SONOS BEAM,SONOS,APPLE TV,APPLE,,,,
,HDMI 2,,,,,,,
MAAK LOS!!(35),,,,,,,,
,XBOX CONSOLE GIOCHI,XBOX,AVR-X2400H,DENON,,,,
,XBOX ?幕膜馬 碼?魔幕?? ?? 碼?粒?晩碼磨,XBOX,,,,,,
,LG DS95TR,LG,,,,,,
,XBOX ONE CONSOLE GIOCHI,XBOX ONE,,,,,,
APM - FIND MY(14),AUDIO SYSTEM,,,,,,,
,APPLE TV,APPLE,JBL BAR1300M2,,MAGENTATV ONE,DEUTSCHE TELEKOM,,
SOUNDCORE BOOM 2(C7),,,,,,,,
,FIRE TV STICK,,,,,,,
,FERNSEHER IM S,1&1,,,,,,
HT-S20R(2A),HT-S20R,,AMAZON FIRETV,AMAZON,,,,
,PS5 SPIELKONSOLE,PS5,,,,,,
,JBL BAR 5.1,JBL,HDMI 4,,,,,
,HDMI 1,,LG SC9S,LG,,,,
,WII,,,,,,,
,EE TV,,FIRE TV STICK,,,,,
,AV,,,,,,,
,WOHNZIMMER,APPLE,,,,,,
,TALKTALK SET-TOP BOX,TALKTALK,LG USC9S,LG,HDMI 3,,,
,TV IN WOONKAME,,SONOS BEAM,SONOS,,,,
,FIRE TV STICK,AMAZON,VIRGIN SET-TOP BOX,VIRGIN,,,,
,TV-BOX 1,SWISSCOM BLUE TV (SVIZZERA ITALIANA),XBOX ONE CONSOLE GIOCHI,XBOX ONE,,,,
PX7 S2(0D),PLAY BOX TV,PLAY,,,,,,
LG_SPEAKER_SP8YA_5159(2D),PLAYSTATION 5,PS5,,,,,,
,HDMI 1,,HDMI 2,,,,,
,AV,,,,,,,
,HDMI 1,,,,,,,
,EE TV,,LG US70TR,LG,,,,
,EVOBOX STREAM,POLSAT BOX,,,,,,
,TELIA TV,TELIA,HDMI 2,,,,,
,EE TV,,LG USC9S,LG,,,,
,HDMI 1,,HDMI 2,,,,,
,HDMI 4,,,,,,,
,LG DSG10TY,LG,,,,,,
,BEIN BO횓TIER D횋CODEUR /BOX INTERNET,BEIN,,,,,,
,HDMI 1,,,,,,,
,APPLE TV,,,,,,,
,APPLE TV,APPLE,CINEBAR LUX,TEUFEL,,,,
,HDMI 2,,,,,,,
LG S20A(EC),AMAZON FIRETV,,HD+,,,,,
,HDMI 2,,,,,,,
,AMAZON FIRE T,,HDMI 2,,,,,
,HDMI 3,,,,,,,
,,BT TV,,,,,,
WH-CH720N(FF),HDMI 2,,,,,,,
,ARC ULTRA,SONOS,4K GOOGLE TV B,,,,,
,SKY,AMSTRAD,,,,,,
,LG DS40T,LG,,,,,,
,SKY,AMSTRAD,,,,,,
,HDMI 3,,,,,,,
,HD+,,,,,,,
,SKY,SKY Q(SCOTLAND CENTRAL (WEST)),B&O CORE,,,,,
,VIRGIN SET-TOP BOX,VIRGIN,LG USC9S,LG,,,,
,HD+,,,,,,,
,,SKY Q(LONDON),,,,,,
,HDMI 1,,APPLE TV,APPLE,,,,
,HDMI 3,,,,,,,
,HDMI 4,,,,,,,
,HDMI 1,,,,,,,
,VODAFONE TV,VODAFONE,,,,,,
,NOS BOX,NOS,,,,,,
,HDMI 2,,,,,,,
,AMAZON FIRETV,,LG DS95TR,LG,HD+,,,
,HDMI 3,,,,,,,
,PLAYSTATION 5,PS5,CHROMECAST,,,,,
,VODAFONE TV,VODAFONE,SONOS BEAM,SONOS,,,,
,HDMI 4,,,,,,,
,FIRE TV STICK,,HDMI 3,,,,,
JBL BOOMBOX 3 APPARTENANT ? MEHADI(35),DECODEUR TV 6,ORANGE,,,,,,
,PS4 CONSOLE GIOCHI,PS4,,,,,,
,AMAZON FIRE T,,,,,,,
,AV,,,,,,,
,HDMI 1,,HD+,,,,,
,LG S80TY,LG,,,,,,
,MEDIABOX,ZIGGO,,,,,,
,MEO BOX,MEO,,,,,,
,ZIGGO DECODER,ZIGGO,SOUNDBAR,SAMSUNG,HDMI 3,,,
,FREEBOX PLAYE,,,,,,,
,HDMI 1,,,,,,,
,SONOS BEAM,SONOS,HDMI 4,,,,,
,LG DS95TR,,,,,,,
,TV I STUEN,TELIA,,,,,,
,HTL2163,PHILIPS,DEUTSCHE TELEKOM BELT횋RI EGYS횋G,DEUTSCHE TELEKOM,,,,
,VODAFONE TV PL,,,,,,,
LG HTS(E5:BF),LG HOME THEATRE,LG,CAMERAS,,PS4,PS4,,
,SKY Q,SKY X,,,,,,
,HDMI 1,,HDMI 3,,,,,
,PC,,,,,,,
,LG S20A,LG,,,,,,
SOUNDTOUCH 10 K횥CHE(15),,,,,,,,
,FREEBOX BO횓TIER D횋CODEUR /BOX INTERNET,FREEBOX,,,,,,
,MAGENTATV ONE,DEUTSCHE TELEKOM,,,,,,
,BOX TV,NETPLUS,,,,,,
,SKY,SKY,,,,,,
,APPLE TV,APPLE,HDMI 2,,SONOS BEAM,SONOS,,
,HDMI 1,,,,,,,
,FIRE TV STICK,,,,,,,
,HDMI 3,,,,,,,
,MEDIABOX,PS5,,,,,,
,PS4 SPELKONSOL,PS4,,,,,,
,HDMI 3,,,,,,,
,HDMI 1,,,,,,,
,HDMI 1,,,,,,,
,DENON 毛?漠娩沕?邈? DVD,DENON,,,,,,
,TALK TALK(YORKSHIRE) SET-TOP BOX,TALK TALK(YORKSHIRE),,,,,,
,HDMI 1,,,,,,,
,HDMI 2,,,,,,,
,HDMI 4,,,,,,,
,AV,,,,,,,
,LG S80TY,LG,,,,,,
,NINTENDOSWITCH,NINTENDO SWITCH,,,,,,
,HDMI 2,,,,,,,
SOUNDBAR SUPREME(D3),PC,,LG NS90TY,,,,,
,HDMI 1,,,,,,,
,SUNRISE TV 1,UPC,,,,,,
,APPLE TV,APPLE,,,,,,
LACL횋TV-E1A9(A9),HDMI 1,,LG S95TR,LG,,,,
,TELIA TV,TELIA,ARC ULTRA,SONOS,,,,
FRESH ?쁍 REBEL 3AHP500(87),UPC DEKODER,UPC,JBL BAR 5.1,JBL,,,,
,HDMI 1,,,,,,,
,SKY X SET-TOP-BOX,SKY X,,,,,,
,APPLE TV,APPLE,APPLE TV,APPLE,EE TV,,PLAYSTATION 5,PS5
,SKY Q,SKY,,,,,,
LG S40T(6C),,,,,,,,
,ORANGE BO횓TIER D횋CODEUR /BOX INTERNET,ORANGE,,,,,,
URBAN VITAMIN ALAMO(44),HDMI 1,,HDMI 2,,AMAZON FIRE T,,,
,MAG544,COSMOTE TV,,,,,,
,PLAYSTATION 5,,LG SG10TY,LG,,,,
LG SJ3(9E),,,,,,,,
,GIGATV HOME,,,,,,,
,EVOBOX LITE,POLSAT BOX,,,,,,
,HDMI 1,,,,,,,
,8K618-T,,,,,,,
,AMAZON FIRETV,,HD+,,,,,
,XBOX CONSOLA DE JOGOS,XBOX,,,,,,
,PLAYSTATION 5,PS5,,,,,,
DOQAUS CARE 1(8C),,,,,,,,
,FIRE TV STICK,AMAZON,PS4 GAME CONSOLE,PS4,,,,
,HDMI 1,,,,,,,
,HDMI 1,,,,,,,
,UPC DEKODER,UPC,,,,,,
,HDMI 2,,HDMI 3,,,,,
,DIGITURK SET 횥ST횥 KUTU,DIGITURK,,,,,,
,SR7013,,,,,,,
,HDMI 2,,,,,,,
,HDMI 1,,,,,,,
,T-MOBILE SET TOP BOX,T-MOBILE,,,,,,
,HD+,,,,,,,
,EON SMART BOX,,RECEIVER,,BD-THEATER,,HDMI 4,
REDMI BUDS 6(6F),,,,,,,,
,AMAZON FIRE T,AMAZON,,,,,,
,AMAZON FIRETV,,BD PLAYER,SAMSUNG,,,,
BOSE SOLO 5 SYSTEM(5F),HDMI 1,,,,,,,
,AMAZON FIRETV,,HD+,,,,,
,APPLE TV,,,,,,,
,HDMI 2,,,,,,,
JVC HA-S31BT(9D),FVP-5000T,FREEVIEW,,,,,,
JBL XTREME 4(5A),HDMI 1,,,,,,,
,AMAZON FIRE T,,,,,,,
,VODAFONE BOX,VODAFONE,,,,,,
,DESCODIFICADOR,ORANGE TV,,,,,,
,TELENETTVBOX,TELENET,SONOS BEAM,SONOS,,,,
,SKY DEUTSCHLAND SET-TOP-BOX,SKY DEUTSCHLAND,,,,,,
,HDMI 1,,,,,,,
,TV-BOX 1,,SOUNDBAR,,,,,
,AMAZON FIRE T,,,,,,,
,TV,PS5,,,,,,
,HDMI 1,,DIRECT ONE,,,,,
,HDMI 1,,,,,,,
碼?漠慢碼磨 ?셎 AIRPODS PRO #(61),,,,,,,,
,HDMI 1,,,,,,,
,HDMI 4,,,,,,,
,HDMI 1,,,,,,,
LG_SPEAKER_SC9S_3161(8B),HDMI 2,,,,,,,
,HDMI 1,,AMAZON FIRETV,,,,,
JBL TOUR ONE M2(40),,,,,,,,
,HDMI 1,,,,,,,
,T-HOME BELT횋RI EGYS횋G,T-HOME,,,,,,
,TELENETTVBOX 2,TELENET,LG CHANNELS,,,,,
,VODAFONE TV(CANTABRIA) DECODIFICADOR,VODAFONE TV(CANTABRIA),,,,,,
,HDMI 2,,HDMI 3,,,,,
,PC,,,,,,,
,LG US60T,LG,,,,,,
,CANAL+ APP,,,,,,,
[AV] SAMSUNG SOUNDBAR Q6T-SERIES(67),SOUNDBAR,SAMSUNG,,,,,,
,ALTIBOX DIGITALBOKS,ALTIBOX,APPLE TV,APPLE,APPLE TV,APPLE,,
,HDMI 2,,,,,,,
,LG CHANNELS,,,,,,,
,SKY,AMSTRAD,AMAZON FIRETV,,HD+,,,
,AMINO STB,CAIWAY,,,,,,
,HDMI 1,,,,,,,
,AMAZON FIRE T,AMAZON,,,,,,
,HW-Q6C SERIES,SAMSUNG,,,,,,
,HDMI 1,,,,,,,
,FIRE TV STICK,,,,,,,
,EE TV,BT TV,,,,,,
,LG US80TR,LG,,,,,,
,AV,,HDMI 1,,,,,
,SKY Q,SKY,LG SOUND BAR,LG,,,,
,PLAYSTATION 5 PRO,PS5,LG DS95QR,LG,APPLE TV,APPLE,,
,SOUNDBAR,SAMSUNG,,,,,,
,FAMILY ROOM,ROKU,HDMI 2,,HDMI 4,,,
,UPC DEKODER,UPC,,,,,,
,AMAZON FIRE T,,,,,,,
,,,,,,,,
SAL횙N(4B),B&O CORE,,,,,,,
,SKY Q,SKY,,,,,,
,BD PLAYER,PANASONIC,HDMI 2,,,,,
,SKY Q,SKY Q,,,,,,
,VODAFONE TV DECODIFICADOR,VODAFONE TV,,,,,,
,PLAYSTATION 4,PS4,,,,,,
,HDMI 3,,,,,,,
,HDMI 1,,,,,,,
,RX-A2080,,,,,,,
,HDMI 3,,,,,,,
,LG DS90TY,LG,FP,,,,,
,PLAYSTATION 5,PS5,JBL BAR 5.1,,,,,
,HDMI 2,,,,,,,
MLOVE P3(97),LG S40TR,LG,AMAZON FIRE T,AMAZON,,,,
,B&O THEATRE,,,,,,,
,PLAYSTATION 5,PS5,HD+,,,,,
LG_SPEAKER_SC9S_3962(13),LG SC9S,,,,,,,
,PC,,,,,,,
,LG CHANNELS,,,,,,,
,HDMI 1,,,,,,,
,FIRE TV STICK,AMAZON,,,,,,
,HDMI 1,,,,,,,
,HDMI 1,,,,,,,
,AMAZON FIRETV,AMAZON,,,,,,
,UPC DEKODER,UPC,,,,,,
,GSV DEFAULT,,,,,,,
,,CANALSAT,YAS-207,YAMAHA,,,,
,HD+,,,,,,,
,ALTIBOX DIGITALBOKS,ALTIBOX,,,,,,
AIRPODS PRO - FIND MY(1D),,,,,,,,
,HDMI 3,,,,,,,
,HDMI 1,,,,,,,
,ARC ULTRA,SONOS,,,,,,
LG_SPEAKER_SG10TY_0416(B3),,,,,,,,
,YOUBOSS,,,,,,,
[AV] SAMSUNG SOUNDBAR C4-SERIES(6B),SKY,SKY,,,,,,
,SKY Q,SKY Q(SOUTH WEST),,,,,,
,HDMI 2,,,,,,,
,LG DS70TR,LG,,,,,,
,SHIELD,NVIDIA,,,,,,
,APPLE OTT,APPLE,,,,,,
,LG DS77TY,LG,,,,,,
,SKY Q,SKY Q,,,,,,
,HDMI 4,,,,,,,
,HDMI 2,,,,,,,
WF-1000XM5(6C),HDMI 1,,SR-B20A,YAMAHA,,,,
,FIRE TV STICK,AMAZON,SOUNDBAR,SAMSUNG,UBP-X700,SONY,,
,HDMI 3,,,,,,,
,HTR-3066,,,,,,,
,,,CHROMECAST,,,,,
DECODER(98),ANDROID?TV,,,,,,,
,PLAYSTATION 5,PS5,,,,,,
,HDMI 3,,,,,,,
,AMAZON FIRETV,,,,,,,
,BD_PLAYER,,LG SOUND BAR,LG,VIRGIN TV 2,VIRGIN,,
SSKH 3 A1(90),PLAYSTATION 5,PS5,EON SMART BOX,NOVA,,,,
,SKY SET-TOP BOX,SKY,,,,,,
,AV,,HDMI 1,,,,,
SOUNDCORE R50I NC(CE),,,,,,,,
,PLAYSTATION 5,PS5,,,,,,
ULTRAPODS PRO(52),HDMI 2,,,,,,,
,HDMI 1,,,,,,,
,AV,,,,,,,
,GIGATV HOME,,,,,,,
,LG USE6S,LG,,,,,,
,HDMI 1,,,,,,,
,HDMI 1,,HDMI 2,,,,,
FLISS?셎 AIRPODS(AD),,,,,,,,
M10(C8),SKY,SKY Q,,,,,,
,FIRE TV STICK,,,,,,,
JBL XTREME 2 GM(CD),,,,,,,,
,SKY,SKY Q,,,,,,
,SKY Q,SKY Q,,,,,,
,CABLEVISION SET-TOP BOX,CABLEVISION,,,,,,
CORRIDOIO(8F),,,,,,,,
BX3000(9D),,,,,,,,
,LG CHANNELS,,,,,,,
,HDMI 1,,DHT-S216,DENON,HD+,,,
,JBL BAR 2.1,,,,,,,
LG S70TY(5B),LG S70TY,LG,,,,,,
,,,,AMAZON,,,,
,HDMI 4,,,,,,,
,HDMI 1,,,,,,,
JBL PARTYBOX 300(3C),,,,,,,,
,JBL BAR 2.1,,,,,,,
,BEIN 寞?碼万 ?? 碼?魔娩??邈,BEIN,,,,,,
,HT-X8500,SONY,HD+,,,,,
,JBL BAR 500,,,,,,,
,MEDIABOX 2,ZIGGOGO,,,,,,
,BEIN 寞?碼万 ?? 碼?魔娩??邈,BEIN,,,,,,
,HDMI 1,,HDMI 3,,,,,
BLOOTH(CF),FREEBOX PLAYE,,,,,,,
,AMAZON FIRE T,AMAZON,,,,,,
,RX-V6A,,HDMI 4,,,,,
,MOVISTAR TV(CATALUNYA) DECODIFICADOR,MOVISTAR TV(CATALUNYA),,,,,,
,DIGITURK SET 횥ST횥 KUTU,DIGITURK,,,,,,
,B-SERIES,SAMSUNG,LG CHANNELS,,,,,
,STB TUNER,DIRECT ONE,,,,,,
,MEO BOX,MEO,,,,,,
,APPLE TV,APPLE,,,,,,
,HDMI 3,,,,,,,
,HDMI 3,,,,,,,
,BD HTS,,BD HTS,,BD_PLAYER,LG,,
,LG CHANNELS,,,,,,,
,FIRE TV STICK,,,,,,,
,HDMI 2,,,,,,,
,BD,SONY,LG DS80TR,SONY,HDMI 3,,AMAZON FIRETV,AMAZON
OVS-TW311(B0),,,,,,,,
,AV,,,,,,,
,HDMI 1,,,,,,,
,HDMI 1,,,,,,,
,HDMI 1,,,,,,,
,HD+,,,,,,,
,HDMI 1,,,,,,,
,MEO BOX,MEO,,,,,,
,FREEBOX PLAYE,,TX3MINI+,,,,,
AVANTREE AS9-P(96),XBOX,XBOX,,,,,,
,FIRE TV STICK,AMAZON,,,,,,
,HDMI 1,,APPLE TV,APPLE,,,,
,ORANGE DEKODER,ORANGE,,,,,,
,LG DS90TY,LG,WAIPU M+C,,,,,
,SKY Q,SKY DEUTSCHLAND,,,,,,
LG SH3B(88),,,,,,,,
,HDMI 2,,,,,,,
EDIFIER W800BT SE(C7),,,,,,,,
,PLAYSTATION 5,PS5,,,,,,
,STC 寞?碼万 ?? 碼?魔娩??邈,STC,,,,,,
,AV RECEIVER,,,,,,,
,HW-Q935GF,,,,,,,
,AMAZON FIRETV,,,,,,,
PHILIPS FIDELIO L4(BA),,,,,,,,
,FREEBOX PLAYER,FREEBOX,,,,,,
,HDMI 1,,,,,,,
,HDMI 1,,,,,,,
,HDMI 2,,,,,,,
,HDMI 1,,,,,,,
LG DS40T(03),,,,,,,,
,HD+,,,,,,,
,HDMI 1,,,,,,,
PIONEER AV RECEIVER(9B),BEELINK RECEIVER,BEELINK,,,,,,
ACTON III(2C),,,,,,,,
FIRE TV SOUNDBAR(B7),,,,,,,,
,MAGENTATV ONE,DEUTSCHE TELEKOM,HD+,,,,,
BOSE QC35 II(A4),,,,,,,,
,HDMI 1,,,,,,,
,HDMI 1,,,,,,,
,LIVING ROOM TV,GOOGLE,AVR-X4500H,DENON,,,,
,,DIGITURK,,,,,,
,B&O THEATRE,,,,,,,
,AV,,,,,,,
,HDMI 1,,,,,,,
,HDMI 1,,,,,,,
,LG DS90TY,LG,,,,,,
ROCKSTER GO 2(BC),HD+,,,,,,,
,SKY Q(WEST MIDLANDS) SET-TOP BOX,SKY Q(WEST MIDLANDS),,,,,,
,MOVISTAR TV(CASTILLA-LA MANCHA) DECODIFICADOR,MOVISTAR TV(CASTILLA-LA MANCHA),,,,,,
WH-1000XM3(E0),HDMI2.1 MATRIX,PS5,,,,,,
,HDMI 1,,,,,,,
ELECTRIC EARMUFFS(ED),APPLE TV,APPLE,SONOS ARC,SONOS,,,,
,HDMI 1,,BOX TV,SWISSCOM BLUE TV (SVIZZERA ITALIANA),,,,
,HDMI 1,,,,,,,
,H96 MAX RK331,H96,SKY Q,SKY Q(NORTH WEST),,,,
,AV,,,,,,,
,LG SC9S,LG,,,,,,
SONY:GTK-X1BT(41),,,,,,,,
,APPLE TV,APPLE,,,,,,
,WO621,,,,,,,
,HDMI 3,,,,,,,
,HDMI 1,,,,,,,
DENON DHT-S517(3C),DHT-S517,,,,,,,
,SONOS BEAM,SONOS,ROGER'S CHROME,GOOGLE,,,,
HT-SBW182(1B),HT-SBW182,VECTRA,TELEWIZOR W SA,,,,,
,DIONE OPERA,,,,,,,
,HDMI 1,,,,,,,
,SKY,AMSTRAD,,,,,,
,WAIPU.TV BOX,,LG DS70TY,,SKY DEUTSCHLAND SET-TOP-BOX,SKY DEUTSCHLAND,,
,DIGITURK SET 횥ST횥 KUTU,DIGITURK,,,,,,
,SKY Q,SKY DEUTSCHLAND,,,,,,
,HDMI 1,,,,,,,
,MEDIABOX,UPC,HDMI 2,,,,,
,TELENETTVBOX,TELENET,LG CHANNELS,,,,,
,BD HTS,,BD HTS,,FREEBOX PLAYER,FREEBOX,,
,APPLE TV,APPLE,,,,,,
AIRPODS PRO - FIND MY(4D),,,,,,,,
,HDMI 2,,,,,,,
,BEIN 寞?碼万 ?? 碼?魔娩??邈,BEIN,,,,,,
,PC,,AZATOM ELITE,,,,,
,HD+,,,,,,,
JBL CINEMA SB170(9A),,,,,,,,
,SKY,VODAFONE KABEL DEUTSCHLAND,HW-Q930F,SAMSUNG,,,,
,SAMSUNG DVD PLAYER,SAMSUNG,,,,,,
,PS4 CONSOLA DE JUEGOS,PS4,,,,,,
,D-SMART SET 횥ST횥 KUTU,D-SMART,,,,,,
,HDMI 1,,,,,,,
,PLAYSTATION 4,PS4,CHROMECAST,PS4,TELE DANMARK SET-TOP-BOKS,TELE DANMARK,,
,HD+,,,,,,,
BOSE SMART ULTRA SOUNDBAR(09),GIMNASIO,APPLE,BOSESMARTULTRA,BOSE,,,,
,PS5 GAME CONSOLE,PS5,,,,,,
,HDMI 1,,,,,,,
,APPLE TV,APPLE,HDMI 2,,,,,
,HDMI 1,,,,,,,
,HDMI 2,,,,,,,
,AV,,,,,,,
QS-1182(33),,,,,,,,
,DEUTSCHE TELEKOM BELT횋RI EGYS횋G,DEUTSCHE TELEKOM,,,,,,
,LG S90TR,LG,,,,,,
,HD+,,,,,,,
LG-XL5S(75),HDMI 1,,,,,,,
,HD+,,,,,,,
,PHILIPS BDP,PHILIPS,HDMI 2,,,,,
,APPLE TV,APPLE,,,,,,
,,KPN,LG SC9S,LG,,,,
,HDMI 1,,,,,,,
,HDMI 1,,,,,,,
,PLAYSTATION 5,PS5,,,,,,
,HW-B5 SERIES,SAMSUNG,,,,,,
,APPLE TV,APPLE,,,,,,
LG S60TR(DB),,,,,,,,
,SET-TOP BOX,SKY,,,,,,
,HDMI 3,,,,,,,
,GIGATV HOME,VODAFONE DEUTSCHLAND,,,,,,
,HDMI 3,,,,,,,
,BEIN BO횓TIER D횋CODEUR /BOX INTERNET,BEIN,,,,,,
,HDMI 1,,,,,,,
,POLSAT BOX DEKODER,POLSAT BOX,,,,,,
,XIAOMI OTT,XIAOMI,,,,,,
[ AV ] SAMSUNG SOUNDBAR T4-SERIES(22),TELECOM BELT횋RI EGYS횋G,TELECOM,,,,,,
,P,CYFROWY POLSAT,PLAYSTATION 5,PS5,,,,
LG DS40T(A8),,,,,,,,
,HDMI 1,,,,,,,
,HDMI 1,,,,,,,
,DECODEUR UHD,ORANGE FIBRE OPTIQUE,SB02M,DENON,,,,
,ALLENTE PARABOL DIGITALBOX,ALLENTE PARABOL,HDMI 3,,,,,
,VODAFONE SET-TOP-BOX,VODAFONE,AMAZON FIRE?T,AMAZON,HD+,,,
,HDMI 2,,HDMI 3,,,,,
BOSE TV SPEAKER(C7),HDMI 1,,HIS,,HDMI 3,,,
,HDMI 1,,,,,,,
,VODAFONE BELT횋RI EGYS횋G,VODAFONE,,,,,,
,JBL BAR 2.1,,,,,,,
,,SKY Q,,,,,,
,UMA,,,,,,,
,ARRIS,PODA,,,,,,
,SOUNDBAR,SAMSUNG,,,,,,
,SC-HTB150,PANASONIC,,,,,,
,HDMI 1,,,,,,,
,LG CHANNELS,,,,,,,
JBL PARTYBOX 310(4E),PLAYSTATION 5,PS5,XBOX ONE SPIELKONSOLE,XBOX ONE,,,,
,VODAFONE TV,VODAFONE,,,,,,
,HDMI 2,,,,,,,
JBL XTREME 4(AE),CHROMECAST,,,,,,,
33176(BA),,,,,,,,
DSB-4030(B1),LG DS40T,LG,HD+,,,,,
,HDMI 1,,,,,,,
ZEALOT-S67(79),PROJETOR,GOOGLE,,,,,,
,SKY Q,SKY Q,,,,,,
MHC-V43D(E2),HDMI 1,,,,,,,
AIRPODS PRO - FIND MY(36),LG NS90TY,LG,,,,,,
,BOSESMARTULTRA,BOSE,,,,,,
WH-1000XM3(D9),POLSAT BOX 4K,,LG S90TY,LG,,,,
,AV,,,,,,,
JBL TUNE500BT(DD),,,,,,,,
,HDMI 3,,,,,,,
,HDMI 3,,,,,,,
,HDMI 2,,,,,,,
,AV,,,,,,,
,ALTIBOX DEKODER,ALTIBOX,,,,,,
,PLAYSTATION 5,PS5,,,,,,
,SUNRISE TV,PS5,,,,,,
,MAGENTATV ONE,DEUTSCHE TELEKOM,HDMI 3,,HD+,,,
LOGITECH BT ADAPTER(A1),,,,,,,,
,CHAMBRE PARENT,GOOGLE,,,,,,
,SKY Q SET-TOP BOX,SKY Q,LG US40TR,LG,,,,
WH-1000XM4(8E),,,,,,,,
[ AV ] SAMSUNG SOUNDBAR T4-SERIES(D5),,,,,,,,
,PC,,,,,,,
,LG CHANNELS,,,,,,,
,UPC DECODER,UPC,,,,,,
ARCTIS NOVA PRO WIRELESS(27),PLAYSTATION 4,PS4,,,,,,
,MAGENTATV,,,,,,,
,HDMI 1,,,,,,,
,BOX HD,BEIN,,,,,,
,AV,,LG CHANNELS,,,,,
,HDMI 1,,,,,,,
,HDMI 1,,,,,,,
,SKYLINK CZ,,,,,,,
AIRPODS DE NELLY - FIND MY(2F),PLAYSTATION 5,PS5,,,,,,
OPENMOVE BY AFTERSHOKZ(33),ORANGE FIBRE OPTIQUE BO횓TIER D횋CODEUR /BOX INTERNET,ORANGE FIBRE OPTIQUE,,,,,,
,SKY,DEUTSCHE TELEKOM,,,,,,
,EE TV,,LG USE6S,,FIRE TV STICK,,,
,SONOS BEAM,SONOS,,,,,,
,MAGENTATV,DEUTSCHE TELEKOM,,,,,,
,AMAZON FIRE T,,,,,,,
,HDMI 1,,,,,,,
,YOUSEE TV,YOUSEE,,,,,,
,HDMI 1,,,,,,,
,HDMI 1,,,,,,,
,AVR-X2800H,,,,,,,
,PLAYSTATION 5,PS5,LG NS70TY,LG,,,,
,PLAYSTATION 5,PS5,,,,,,
,SKY,SKY,,,,,,
,HDMI1,,DHT-S217,DENON,,,,
LG S40T(5A),,,,,,,,
REDMI BUDS 4 LITE(21),AV,,,,,,,
LENCO SB-080(48),,,,,,,,
,HDMI 3,,,,,,,
,MEOBOX 4K (DIW,MEO,HDMI 2,,,,,
,LG S40T,,,,,,,
,HDMI 1,,,,,,,
,AMAZON FIRETV,,HD+,,,,,
,HDMI 2,,,,,,,
,XIAOMI TV BOX,XIAOMI,,,,,,
,HDMI 2,,,,,,,
,HDMI 1,,,,,,,
,YANDEX.STATION,,,,,,,
,HDMI 1,,,,,,,
,PLAY BOX TV,PLAY,,,,,,
,HDMI 1,,,,,,,
,RX-A8A,,,,,,,
,JBL BAR 5.1,JBL,,,,,,
,CHROMECAST,,XBOX SPELKONSOL,XBOX,,,,
,PS4 GAMECONSOLE,PS4,,,,,,
,ZIGGO DECODER,ZIGGO,APPLE OTT,APPLE,,,,
,GIGATV HOME SO,VODAFONE,,,,,,
,HDMI 1,,,,,,,
,MAGENTATV,DEUTSCHE TELEKOM,,,,,,
,HDMI 2,,,,,,,
,AV,,,,,,,
,MOVISTAR TV(EUSKADI) DECODIFICADOR,MOVISTAR TV(EUSKADI),,,,,,
GABI ??AIRPODS PRO - FIND MY(7A),CINEMA SB560,JBL,,,,,,
JBL PARTYBOX 100(7A),HDMI 2,,,,,,,
,FIRE TV STICK,AMAZON,,,,,,
,HDMI 1,,HDMI 2,,,,,
AAEBT(CF),,,,,,,,
,NINTENDOSWITCH,NINTENDO SWITCH,,,,,,
,LG US70TR,LG,,,,,,
FEEL HURRICANE 250(30),CBS540A,,,,,,,
HISENSE HS214(EC),HISENSE HS214,HISENSE,,,,,,
,HDMI 1,,,,,,,
,SKY Q,SKY Q,,,,,,
,AMAZON FIRETV,AMAZON,FREEBOX PLAYE,,,,,
,HDMI 2,,,,,,,
,HDMI 1,,HDMI 2,,,,,
,PC,,,,,,,
,HDMI 1,,,,,,,
LIVING ROOM(D2),,,,,,,,
,HDMI 1,,,,,,,
LG S60T(E6),,,,,,,,
,AMAZON FIRE T,,,,,,,
,HD+,,,,,,,
,RX-V483,YAMAHA,,,,,,
,UPC BELT횋RI EGYS횋G,UPC,,,,,,
,PS4 SP휅캥U KONSOLE,PS4,,,,,,
,EVOBOX PVR,POLSAT BOX,,,,,,
,VOO BO횓TIER D횋CODEUR /BOX INTERNET,VOO,,,,,,
,PANASONIC DVD PLAYER,PANASONIC,FIRE TV STICK,AMAZON,,,,
,HD+,,,,,,,
WH-CH510(B8),,,,,,,,
SALON(A4),,,,,,,,
,HDMI 1,,,,,,,
,XBOX,XBOX,LG US90TY,LG,FIRE TV STICK,AMAZON,,
CXA61(C8),AUDIO SYSTEM,PANASONIC,,,,,,
,HDMI 1,,,,,,,
,VIRGIN TV 1,PANASONIC,LG US70TR,LG,PANASONIC DVD PLAYER,PANASONIC,,
,HDMI 1,,,,,,,
,AMAZON FIRETV,,,,,,,
,HDMI 2,,ADB SET-TOP-BOKS,ADB,,,,
,SKYLINK CZ,,,,,,,
,HDMI 3,,,,,,,
,SKY Q,SKY,,,,,,
,HDMI 1,,,,,,,
,HDMI 3,,,,,,,
,AV,,,,,,,
,WEGOO,BEIN,,,,,,
AIRY TWS 2(D3),,,,,,,,
,HOT ???淚,HOT,,,,,,
,JBL BAR 800,,AMAZON FIRE?T,,HD+,,,
,SUNRISE TV,UPC,,,,,,
,LG DS77TY,LG,HDMI 3,,HD+,,,
,FREEBOX PLAYER,FREEBOX,,,,,,
,BD PLAYER,PANASONIC,,SKY Q(YORKSHIRE AND LINCOLNSHIRE),,,,
,FIRE TV STICK,,,,,,,
,HDMI 2,,LG DS40T,LG,,,,
,HDMI 2,,,,,,,
,HDMI 1,,,,,,,
BOSE QC ULTRA HEADPHONES(28),,,,,,,,
,HDMI 2,,,,,,,
,HDMI 1,,,,,,,
,VODAFONE TV DECODIFICADOR,VODAFONE TV,,,,,,
,PC,,,,,,,
,SHIELD,SHIELD,,,,,,
,HT-S350,SONY,,,,,,
,HT-S350,,AMAZON FIRE T,AMAZON,,,,
,HDMI 1,,,,,,,
,PLAY BOX TV,PS5,SOUNDBAR,SAMSUNG,XBOX ONE KONSOLA DO GIER,XBOX ONE,,
JBL TUNE 720BT(1A),,,,,,,,
,AV,,,,,,,
,JBL BAR 300,,,,,,,
,MEDIABOX,ZIGGOGO,,,,,,
,HDMI 1,,HDMI 2,,,,,
AIRPODS MAX DE BACHAR - FIND MY(7A),,,,,,,,
,PLAYSTATION 5,PS5,,,,,,
,HDMI 1,,,,,,,
,HDMI 1,,,,,,,
,AV,,,,,,,
,HDMI 2,,,,,,,
,FIRE TV STICK,,,,,,,
,PLAYSTATION 5,PS5,,,,,,
P47(8B),AMAZON FIRE T,AMAZON,,,,,,
,ARC ULTRA,SONOS,SKY,SKY,,,,
,HDMI 1,,,,,,,
,SONY DVD PLAYER,SONY,BD PLAYER,PANASONIC,FREESAT UK SET-TOP BOX,FREESAT UK,,
,HDMI 2,,HDMI 3,,,,,
,HDMI 1,,,,,,,
,PIONEER DVD-PLAYER,PIONEER,BOSE TV SPKR,,HD+,,,
,XBOX GAME CONSOLE,XBOX,,,,,,
MIXX STREAMQ D2(E4),FIRE TV STICK,,,,,,,
,SKY Q,SKY DEUTSCHLAND,APPLE TV,APPLE,,,,
,HDMI 1,,,,,,,
,HDMI 1,,,,,,,
,PS4 KONSOLA DO GIER,PS4,,,,,,
LG_SPEAKER_S80TY(3F),SKY Q,SKY DEUTSCHLAND,,,,,,
JBL GO 4 VON JONAS(F5),,,,,,,,
,TV-BOX 1,,,,,,,
,LG S70TY,LG,,,,,,
,APPLE TV,APPLE,ARC ULTRA,SONOS,,,,
PHILIPS TAB4000(EB),HDMI 1,,,,,,,
,FIRE TV STICK,AMAZON,,,,,,
,HDMI 1,,BOSE TV SPKR,BOSE,,,,
,SWITCH 2,SWITCH2,,,,,,
,PLAYSTATION 5,PS5,ARC ULTRA,SONOS,APPLE TV,APPLE,,
MAJA?셎 BEATS SOLO쨀(F3),AMAZON FIRETV,,HDMI 3,,,,,
TV ??遼???(B6),HDMI 3,,,,,,,
[AV] SAMSUNG SOUNDBAR C4-SERIES(3D),XBOX ?幕膜馬 碼?魔幕?? ?? 碼?粒?晩碼磨,XBOX,,,,,,
WH-1000XM6(19),,,,,,,,
,HDMI 1,,,,,,,
BOSEBUDS(A8),FIRE TV STICK,,NINTENDOSWITCH,NINTENDO SWITCH,,,,
,HDMI 1,,,,,,,
,AMAZON FIRETV,,,,,,,
,ZIGGO DECODER,ZIGGO,,,,,,
,HDMI 1,,,,,,,
,XBOX,,,,,,,
,AV,,,,,,,
BOSE QC HEADPHONES(6F),H/T,LG,H/T,LG,,,,
,SKY,SKY Q,,,,,,
,AV,,,,,,,
ZTE BUDS2(65),,,,,,,,
,HD+,,,,,,,
MMX 200 WIRELESS(6D),XBOX SPIELKONSOLE,XBOX,,,,,,
,HDMI 1,,,,,,,
,,PS5,HW-Q995F,SAMSUNG,PLAYSTATION 5,PS5,APPLE TV,APPLE
,IPTV EXTREME,,,,,,,
,ELISA DIGIBOXI,ELISA,,,,,,
,JBL BAR800M2,,,,,,,
,SKY Q,SKY,,,,,,
,RASPBERRY,ROKU,,,,,,
SPEAKER5.0(81),,,,,,,,
LG SJ3(1E),,,,,,,,
,LG CHANNELS,,,,,,,
,PLAYSTATION 5,PS5,,,,,,
MOMENTUM 4(3A),SOUNDBAR,SAMSUNG,,,,,,
CANTA TU(2F),AMAZON FIRE T,,,,,,,
JABRA EVOLVE2 75(B2),,,,,,,,
,BT TV SET-TOP BOX,BT TV,,,,,,
,SONOS BEAM,SONOS,,,,,,
LG HBS910(8E),HDMI 4,,,,,,,
,VODAFONE TV,VODAFONE,,,,,,
,HDMI 3,,,,,,,
,ALLENTE DIGIBOXI,ALLENTE,,,,,,
,,,,,,,,
,HDMI 1,,PLAYSTATION 5,PS5,,,,
,HDMI 2,,,,,,,
,LG US90TY,LG,SKY Q,SKY Q,,,,
,APPLE TV,APPLE,SONOS BEAM,SONOS,,,,
,SKY Q,SKY Q(NORTH EAST),,,,,,
,FIRE TV STICK,,VIRGIN(NORTH EAST) SET-TOP BOX,VIRGIN(NORTH EAST),,,,
,KPN DECODER,KPN,,,,,,
,SONOS ARC,SONOS,CHROMECAST,,,,,
,AV,,HDMI 2,,,,,
[AV] SAMSUNG SOUNDBAR K550 K-SERIES(35),PS4 GAMECONSOLE,PS4,NOKIA STREAMIN,,,,,
,BEIN BO횓TIER D횋CODEUR /BOX INTERNET,BEIN,,,,,,
,SONOS ARC,SONOS,,,,,,
,HDMI 1,,,,,,,
Q33(C8),,PANASONIC,,,,,,
,HT-S20R,,,,,,,
,SKY Q,SKY Q(NORTHERN IRELAND),,,,,,
,APPLE TV,APPLE,,,,,,
ROCKSTER AIR(E1),LG CHANNELS,,,,,,,
,LG S75TR,LG,,,,,,
MIBOX4(10),PLAYSTATION 5,PS5,BUREAU TV,GOOGLE,,,,
,HDMI 1,,,,,,,
,DORMITORIO PRI,GOOGLE,,,,,,
,PHILIPS B8200,PHILIPS,,,,,,
,PLAYSTATION 5,PS5,,,,,,
JBL CINEMA SB510(8A),HD+,,,,,,,
AS-D96(32),,,,,,,,
,TURKCELL SET 횥ST횥 KUTU,TURKCELL,,,,,,
,AMAZON FIRETV,,,,,,,
LG_SPEAKER_S90TY(55),,,,,,,,
MOMENTUM TW 4(7B),AUDIO SYSTEM,VIZIO,,,,,,
,UPC SET-TOP-BOX,UPC,,,,,,
,HDMI 1,,HDMI 2,,,,,
,HDMI 2,,,,,,,
,RX-V767,YAMAHA,PANASONIC LECTEUR혻DVD,PANASONIC,,,,
,HDMI 1,,,,,,,
,HDMI 3,,,,,,,
,RX-V673,YAMAHA,,,,,,
,HDMI 1,,,,,,,
JBL TUNE700BT(D4),HDMI 1,,HDMI 2,,,,,
,STB,,BOSE TV SPKR,BOSE,,,,
,LG US20A,,,,,,,
,HDMI 1,,,,,,,
,ONE FOR ALL BELT횋RI EGYS횋G,ONE FOR ALL,,,,,,
BASEMENT(08),PLAYSTATION 5,PS5,,,,,,
,HDMI 1,,,,,,,
CREATIVE STAGE PRO(6D),STAGE PRO,,,,,,,
,HDMI 3,,,,,,,
,MAGYAR TELEKOM BELT횋RI EGYS횋G,MAGYAR TELEKOM,,,,,,
,BD,SONY,,,,,,
,VIRGIN(WALES) SET-TOP BOX,VIRGIN(WALES),M3 SOUNDBAR,Q ACOUSTICS,,,,
,FIRE TV STICK,,HT-SD35,,,,,
,HDMI 1,,,,,,,
,HDMI 1,,,,,,,
,BBOXTV,BOUYGUES TELECOM,,,,,,
,HDMI 1,,,,,,,
S1(1F),JBL BAR 1000,JBL,,,,,,
LG ON66(1E),LG CHANNELS,,,,,,,
,SKY Q,SKY Q(WEST),,,,,,
,NAGA 80,,,,,,,
,HDMI 4,,,,,,,
,HDMI 1,,,,,,,
,SKY Q,SKY Q,HDMI 3,,,,,
,HDMI 1,,HDMI 2,,,,,
,FIRE TV STICK,AMAZON,LG USC9S,LG,SWITCH 2,N.A,,
,PLAYSTATION 4,PS4,,,,,,
,HDMI 2,,,,,,,
,MAGENTATV ONE,DEUTSCHE TELEKOM,,,,,,
,MAGENTATV ONE,DEUTSCHE TELEKOM,LG DS40T,LG,,,,
ENES (AIRPODS PRO) - FIND MY(05),LG SH5A,LG,HDMI 4,,,,,
,LG DS95TR,,,,,,,
,ORANGE FIBRE OPTIQUE BO횓TIER D횋CODEUR /BOX INTERNET,ORANGE FIBRE OPTIQUE,,,,,,
,CINEMA SB510,JBL,AMAZON FIRETV,,,,,
,PC,,SOUNDBAR,,,,,
,FIRE TV STICK,,,,,,,
,SKY Q SET-TOP BOX,SKY Q,,,,,,
,SET-TOP-BOX,SKY DEUTSCHLAND,HD+,,,,,
,SKY Q,SKY Q(WALES),,,,,,
LG-XL9T(F5),HDMI 4,,,,,,,
,SONOS BEAM,SONOS,,,,,,
,AV,,,,,,,
Q-SERIES SOUNDBAR(FB),HW-Q995GF,SAMSUNG,,,,,,
,HDMI 1,,,,,,,
,HD+,,,,,,,
,JBL BAR 800,,,,,,,
,XBOX,XBOX,HDMI 3,,,,,
,PS5 SPIELKONSOLE,PS5,,,,,,
,BOSE SS 600,,HD+,,,,,
,SOUNDTOUCH 300,BOSE,HDMI 3,,HDMI 4,,HD+,
JBL TUNE520BT(2C),PLAYSTATION 5,PS5,EVOBOX 4K,DARK,,,,
,HDMI 1,,,,,,,
,AMAZON FIRE T,AMAZON,,,,,,
,HDMI 1,,,,,,,
,LG DSG10TY,,CHROMECAST HD,,,,,
,FIRE TV STICK,AMAZON,BD_PLAYER,,,,,
,PLAYSTATION 5,PS5,,,,,,
,FREEBOX PLAYER,FREEBOX,,,,,,
HT-S20R(55),,,,,,,,
MPOW FLAME2(C1),HDMI 2,,,,,,,
BLUETOOTH(01),RX-V575,,HD+,,,,,
,TETTV-VIP5305,LATTELECOM,,,,,,
,PHILIPS FB1,PHILIPS,EVOBOX PVR,POLSAT BOX,,,,
SD-1004(59),,,,,,,,
CREATIVE STAGE(F1),HDMI 1,,,,,,,
,HDMI 3,,,,,,,
LG SQC2(B6),FREESAT FROM SKY SET-TOP BOX,FREESAT FROM SKY,,,,,,
LG S60TR(8D),,,,,,,,
,HDMI 1,,,,,,,
,HDMI 3,,,,,,,
,VODAFONE SET-TOP-BOX,VODAFONE,,,,,,
,TELENETTVBOX,TELENET,LG CHANNELS,,,,,
,HDMI 1,,,,,,,
,UPC BO횓TIER D횋CODEUR /BOX INTERNET,UPC,,,,,,
,SKY,FASTWEB,,,,,,
,AMAZON FIRE T,,,,,,,
,HDMI 3,,,,,,,
,FIRE TV STICK,,,,,,,
,HDMI 3,,,,,,,
,ORBIT SHOWTIME NETWORK 寞?碼万 ?? 碼?魔娩??邈,ORBIT SHOWTIME NETWORK,,,,,,
,HDMI 1,,,,,,,
,APPLE OTT,APPLE,XBOX,XBOX,XBOX,XBOX,,
,REVOX S100,,,,,,,
,SKY Q,SKY Q(NORTH EAST),,,,,,
,DSTV SET-TOP BOX,DSTV,,,,,,
,PC,,,,,,,
LIVING ROOM (SONOS 6486)(86),,,,,,,,
,HDMI 4,,,,,,,
,HDMI 1,,SONY DVD-PLAYER,SONY,,,,
,T-HOME BELT횋RI EGYS횋G,T-HOME,,,,,,
SALON(41),,,,,,,,
,,KPN,SOUNDBAR,SAMSUNG,,,,
,HDMI 3,,,,,,,
,RAUMFELD,TEUFEL,,,,,,
,,SKY Q,,,,,,
,FIRE TV STICK,,,,,,,
,HDMI 2,,,,,,,
,STB,DEUTSCHE TELEKOM,,,,,,
,SWITCH 2,N.A,HDMI 4,,,,,
AIRBUDS SE(CA),HDMI 2,,,,,,,
,STREAMING-BOX,,,,,,,
,HDMI 1,,HW-Q930B,SAMSUNG,,,,
,BT TV SET-TOP BOX,BT TV,,,,,,
,HDMI 3,,,,,,,
,HDMI 3,,,,,,,
,VIRGIN TV 1,VIRGIN,YSP-2700,,,,,
,ARC ULTRA,SONOS,,,,,,
,VIRGIN TV 1,VIRGIN,,,,,,
,AMAZON FIRETV,,,,,,,
,PLAY BOX TV,PLAY,,,,,,
,PLAYSTATION 5,PS5,,,,,,
,DIGITURK SET 횥ST횥 KUTU,DIGITURK,,,,,,
,AV,,LG CHANNELS,,,,,
VIETA PRO UPPER 3(FF),HDMI 1,,,,,,,
,FIRE TV STICK,,SKY Q(WEST MIDLANDS) SET-TOP BOX,SKY Q(WEST MIDLANDS),,,,
,UMA,,,,,,,
,HDMI 4,,HD+,,,,,
,STB TUNER,,,,,,,
,APPLE TV,APPLE,,,,,,
,SKY,SKY Q(NORTH WEST),,,,,,
,HDMI 2,,,,,,,
,AUDIO SYSTEM,VIZIO,,,,,,
,HW-Q990C,SAMSUNG,APPLE TV,APPLE,,,,
,BOSE SMART SB,BOSE,,,,,,
,HDMI 1,,,,,,,
AIRPODS(8C),APPLE OTT,APPLE,BD_PLAYER,LG,,,,
,ORANGE FIBRE OPTIQUE BO횓TIER D횋CODEUR /BOX INTERNET,ORANGE FIBRE OPTIQUE,,,,,,
,HDMI 1,,,,,,,
,FREEBOX PLAYER,FREEBOX,,,,,,
,SKY SET-TOP BOX,SKY,HDMI 3,,,,,
,BEIN BO횓TIER D횋CODEUR /BOX INTERNET,BEIN,,,,,,
,AV,,,,,,,
,SKY Q,SKY Q,,,,,,
,FVP-5000T,FREEVIEW,NOW TV,NOW TV BY SKY,,,,
,BOSESMARTULTRA,BOSE,,,,,,
,MOVISTAR TV(CATALUNYA) DECODIFICADOR,MOVISTAR TV(CATALUNYA),,,,,,
,TETTV-VIP5305,LATTELECOM,,,,,,
,SKYLINK CZ,,,,,,,
,HDMI 3,,,,,,,
,HD+,,,,,,,
,PS4 SPIELKONSOLE,PS4,,,,,,
,AMAZON FIRETV,AMAZON,HDMI 2,,PLAYSTATION 5,PS5,,
,HDMI 3,,,,,,,
JBL XTREME 2(16),,,,,,,,
,HW-Q995GF,SAMSUNG,PYUR TV BOX,,,,,
,PS4 SPILKONSOL,PS4,ALTIBOX SET-TOP-BOKS,ALTIBOX,,,,
,VODAFONE TV(ASTURIAS) DECODIFICADOR,VODAFONE TV(ASTURIAS),PS5 CONSOLA DE JUEGOS,PS5,,,,
,DIGITURK,DIGITURK,,,,,,
,LG S60TR,LG,,,,,,
,TELIA TV,TELIA,,,,,,
LG SK4D(CE),PLAYSTATION 5,PS5,,,,,,
,D-SMART SET 횥ST횥 KUTU,D-SMART,,,,,,
REDMI BUDS 6 LITE(AC),HDMI 2,,HT-S350,SONY,,,,
,DESCODIFICADO,HUMAX,,,,,,
,ONE FOR ALL DECODIFICADOR,ONE FOR ALL,HDMI 4,,CANAL+ APP,,,
,FREEBOX BO횓TIER D횋CODEUR /BOX INTERNET,FREEBOX,HDMI 2,,,,,
,APPLE TV,APPLE,,,,,,
JBL PARTYBOX CLUB 120(DF),,,,,,,,
,HDMI 1,,,,,,,
,HDMI 1,,,,,,,
,HDMI 2,,,,,,,
,PLAYSTATION 5,PS5,,,,,,
SOUNDCORE R50I(1F),,,,,,,,
SSS3800(3C),,,,,,,,
,AMAZON FIRE?T,AMAZON,HD+,,,,,
,,,,,,,,
,SKY,BT TV,FIRE TV STICK,,,,,
,CHROMECAST,,,,,,,
,HDMI 1,,,,,,,
,HDMI 1,,,,,,,
,LG DSC9S,LG,,,,,,
,HDMI 2,,,,,,,
,HDMI 1,,TELENOR DIGITALBOKS,TELENOR,,,,
,HDMI 1,,,,,,,
,JBL BAR 800,,,,,,,
,APPLE TV,APPLE,,,,,,
,LG S70TY,LG,ANDROID?TV,,,,,
,FIRE TV STICK,AMAZON,,,,,,
,HDMI 1,,,,,,,
LG-SQM1 (38),,,,,,,,
,WI-FI PREMIUM+,NETIA,,,,,,
,BREDBANDSBOLAGET DIGITALBOX,BREDBANDSBOLAGET,LG NS70TY,LG,,,,
,HDMI 1,,,,,,,
,HDMI 1,,,,,,,
,PLAYSTATION 5,PS5,,,,,,
,HDMI 1,,,,,,,
,AMAZON FIRE T,,,,,,,
,XBOX CONSOLE DE JEU,XBOX,BD_PLAYER,LG,,,,
,SFR BO횓TIER D횋CODEUR /BOX INTERNET,SFR,,,,,,
,TV DA SALA DE,VODAFONE,,,,,,
,,KPN,,,,,,
,MOVISTAR TV,,,,,,,
,HDMI 3,,,,,,,
,HDMI 2,,,,,,,
,DIGI BELT횋RI EGYS횋G,DIGI,CANAL+ APP,,,,,
,HDMI 2,,,,,,,
,FREEBOX PLAYER,FREEBOX,,,,,,
,AV,,,,,,,
,T-MOBILE SET TOP BOX,T-MOBILE,,,,,,
JBL CINEMA SB560(55),,,,,,,,
,LG CHANNELS,,,,,,,
,HDMI 1,,LG CHANNELS,,,,,
,LIVING ROOM T,HUMAX,LG US60T,LG,,,,
,XBOX SPIELKONSOLE,XBOX,POSEIDON M60B,,,,,
,HDMI 3,,,,,,,
,MAGYAR TELEKOM BELT횋RI EGYS횋G,MAGYAR TELEKOM,,,,,,
,PC,,,,,,,
,HDMI 1,,,,,,,
,UPC DEKODER,UPC,,,,,,
,HDMI 1,,,,,,,
,VODAFONE TV,VODAFONE TV(ILLES BALEARS),HDMI 3,,ONO DECODIFICADOR,ONO,,
,HDMI 1,,HDMI 2,,,,,
,SKY Q,SKY Q,FIRE TV STICK,AMAZON,LG SOUND BAR,LG,,
,LG SOUND BAR,LG,,,,,,
,HDMI 1,,,,,,,
,TIMVISION BOX,TIM,,,,,,
,PS5 GAME CONSOLE,PS5,PLAYSTATION 5,PS5,,,,
,LG S80TY,LG,AMAZON FIRETV,AMAZON,,,,
,SKY Q,SKY DEUTSCHLAND,CHROMECAST,,,,,
,HDMI 1,,CINEMA SB510,JBL,,,,
,MAGENTATV ONE,DEUTSCHE TELEKOM,LG DS40T,LG,,,,
,HDMI 4,,,,,,,
,FIRE TV STICK,,,,,,,
,LG DS77TY,LG,,,,,,
,HDMI 4,,,,,,,
,MAGYAR TELEKOM BELT횋RI EGYS횋G,MAGYAR TELEKOM,,,,,,
,HDMI 2,,,,,,,
,SFR BO횓TIER D횋CODEUR /BOX INTERNET,SFR,,,,,,
,LG S80TY,LG,,,,,,
,HDMI 2,,TURKCELL SET 횥ST횥 KUTU,TURKCELL,,,,
,DIGITURK SET 횥ST횥 KUTU,DIGITURK,,,,,,
,RX-V479,,,,,,,
,B&O THEATRE,,LG CHANNELS,,,,,
,MEDIABOX+,CANAL+ POLSKA,,,,,,
,LG S40T,,AMAZON FIRE T,,,,,
,LG DS40T,LG,,,,,,
,PLAYSTATION 5,PS5,HDMI 4,,,,,
,HDMI 1,,,,,,,
,AV,,,,,,,
SOUNDCORE SPACE ONE(32),HD+,,,,,,,
,HDMI 2,,,,,,,
,HDMI 1,,LG S80TY,LG,HDD RECORDER,SAMSUNG,,
,HDMI 1,,,,,,,
,BEIN 寞?碼万 ?? 碼?魔娩??邈,BEIN,,,,,,
,HDMI,,,,,,,
,AV,,,,,,,
,SKY Q,SKY Q,HDMI 2,,ARC ULTRA,SONOS,CHROMECAST,
,AV,,,,,,,
,FIRE TV STICK,,,,,,,
,HDMI 2,,,,,,,
,SKY Q(WEST MIDLANDS) SET-TOP BOX,SKY Q(WEST MIDLANDS),,,,,,
MONSTER CLARITY 510 AIRLINKS(A3),,,,,,,,
,MAGENTATV ONE,DEUTSCHE TELEKOM,,,,,,
PHILIPS TAB5308(7D),4K GOOGLE TV B,,,,,,,
,SKY Q,SKY Q(SOUTH),,,,,,
,HD+,,,,,,,
,VIP7802,ETISALAT,HDMI 3,,,,,
,MBOX,,,,,,,
,ORANGE FIBRE OPTIQUE BO횓TIER D횋CODEUR /BOX INTERNET,ORANGE FIBRE OPTIQUE,,,,,,
LG DS77TY(E6),LG DS77TY,LG,,,,,,
,HDMI 2,,,,,,,
,LG US70TY,LG,,,,,,
,HDMI 2,,,,,,,
,FIRE TV STICK,AMAZON,,,,,,
NUBOX SOUNDBASE  6A2D(2D),MAGENTATV ONE,DEUTSCHE TELEKOM,VIZIO SOUNDBAR,VIZIO,,,,
,PLAYSTATION 5,PS5,,,,,,
,SKY Q,SKY Q(WEST),JBL BAR 300,,,,,
,FIRE TV STICK,,,,,,,
,RECEIVER,,,,,,,
,PS5 CONSOLA DE JUEGOS,PS5,,,,,,
,PLAYSTATION 5,PS5,,,,,,
,CITYPLAY DIGITALBOKS,CITYPLAY,,,,,,
WF-1000XM5(D8),,,,,,,,
,HDMI 1,,,,,,,
????誇課??? SOUNDBAR(57),LG SG10TY,LG,HDMI 4,,,,,
,HD+,,,,,,,
,LG S80TY,LG,HDMI 4,,,,,
,HDMI 3,,,,,,,
,HDMI 1,,,,,,,
,KPN DECODER,KPN,,,,,,
,TV IN WOONKAME,PROXIMUS TV,,,,,,
,TV DA SALA DE,,,,,,,
,RX-V4A,YAMAHA,,,,,,
,CBS540A,,,,,,,
,VODAFONE KABEL DEUTSCHLAND SET-TOP-BOX,VODAFONE KABEL DEUTSCHLAND,,,,,,
ONYX STUDIO 9(55),,,,,,,,
,HDMI 1,,,,,,,
,DIGITURK SET 횥ST횥 KUTU,DIGITURK,LG SOUND BAR,LG,,,,
,MOVISTAR TV(COMUNIDAD DE MADRID) DECODIFICADOR,MOVISTAR TV(COMUNIDAD DE MADRID),,,,,,
,BD_PLAYER,LG,,,,,,
,APPLE TV,APPLE,,,,,,
,HDMI 2,,,,,,,
,LG US90TY,,,,,,,
,DEKODER TV,VECTRA,,,,,,
,SKY Q,SKY Q,,,,,,
,HDMI 1,,,,,,,
,,AMAZON,AMAZON FIRETV,AMAZON,AV RECEIVER,,AVR-X1500H,
,HDMI 1,,,,,,,
,MEDIABOX 2,ZIGGO,BDS280,HARMAN/KARDON,BDS280,HARMAN/KARDON,,
REDMI BUDS 3 LITE(78),,,,,,,,
,HDMI 1,,,,,,,
,HDMI 1,,,,,,,
,BD HTS,,BD HTS,,,,,
,HDMI 1,,,,,,,
,FIRE TV STICK,,,,,,,
VIETA PRO WAY 5(F8),,,,,,,,
,SKY Q,SKY,,,,,,
,SUNRISEUPCTV,UPC,,,,,,
,,PANASONIC,,,,,,
,HDMI 3,,,,,,,
,AV,,X96Q,X96,,,,
,HDMI 1,,,,,,,
,HT-S20R,SONY,,,,,,
PHILIPS TAB6405(D5),,,,,,,,
,HDMI 4,,,,,,,
,RX-V6A,,,,,,,
,PLAYSTATION 5,PS5,,,,,,
,BEIN 痲碼??邈? 卍?魔??碼?魔,BEIN,,,,,,
,PLAYSTATION 5,PS5,,,,,,
,SKY Q,SKY DEUTSCHLAND,BD PLAYER,,,,,
,PLAYSTATION 5,PS5,HDMI 2,,,,,
,HDMI 2,,,,,,,
,PLAYSTATION 5,PS5,AUDIO SYSTEM,VIZIO,,,,
,HDMI 1,,,,,,,
,HDMI 1,,,,,,,
,SKY Q(YORKSHIRE) SET-TOP BOX,SKY Q(YORKSHIRE),SONOS BEAM,SONOS,,,,
,NINTENDOSWITCH,NINTENDO SWITCH,,,,,,
,LG DS40T,LG,,,,,,
,LG DS40T,LG,,,,,,
,SKY Q,SKY Q,LG US70TR,LG,,,,
,ARC ULTRA,SONOS,APPLE TV,APPLE,,,,
,XBOX,XBOX,,,,,,
,HDMI 3,,,,,,,
,CINEBAR LUX,TEUFEL,,,,,,
,NINTENDO SWITCH CONSOLA DE JUEGOS,NINTENDO SWITCH,MOVISTAR TV(COMUNIDAD DE MADRID) DECODIFICADOR,MOVISTAR TV(COMUNIDAD DE MADRID),,,,
AIRPODS 3 - FIND MY(3A),SOUNDBAR,SAMSUNG,,,,,,
LG S40T(2E),,,,,,,,
,FERNSEHER IM W,DEUTSCHE TELEKOM,CINEBAR 11,TEUFEL,,,,
,FIRE TV STICK,,,,,,,
,FIRE TV STICK,,,,,,,
,HD+,,,,,,,
,HDMI 4,,HD+,,,,,
LG-SQM1 (B9),FIRE TV STICK,,,,,,,
,LG S20A,,,,,,,
,D-SMART SET 횥ST횥 KUTU,D-SMART,,,,,,
,CANAL+ POLSKA DEKODER,CANAL+ POLSKA,,,,,,
WOHNZIMMER-TV(01),HDMI 1,,HD+,,,,,
,HDMI 3,,,,,,,
,HDMI 1,,,,,,,
,APPLE TV,APPLE,,,,,,
,PLAYSTATION 5,PS5,,,,,,
,HDMI 2,,,,,,,
,TELENOR T-WE,ALLENTE,,,,,,
,VA?EK TV BOX,T-MOBILE,,,,,,
,HDMI 2,,,,,,,
,SKY,BT TV,,,,,,
,PC,,,,,,,
,AMAZON FIRETV,,,,,,,
,LG S70TY,LG,EVOBOX PVR,POLSAT BOX,,,,
,APPLE TV,APPLE,ARC ULTRA,PS5,,,,
,SKY Q,SKY Q,,,,,,
CRYSTAL AUDIO BT-01(67),COSMOTE TV ????廓????????課?誇 SET-TOP BOX,COSMOTE TV,HDMI 4,,,,,
,HDMI 2,,HDMI 3,,,,,
,HDMI 2,,,,,,,
,HDMI 3,,,,,,,
,APPLE TV,APPLE,LG DS40T,LG,,,,
,UMA,NOS,LG S70TY,LG,XIAOMI TV BOX,XIAOMI,,
,HDMI 4,,,,,,,
JBL XTREME 3(DD),,,,,,,,
,VODAFONE TV,VODAFONE,,,,,,
,VODAFONE TV PL,VODAFONE,,,,,,
,LG S70TY,,,,,,,
,HW-Q930D_N,,,,,,,
,PLAYSTATION 5,PS5,,,,,,
,HDMI 1,,,,,,,
,TV STICK,STRONG,,,,,,
,BEIN 寞?碼万 ?? 碼?魔娩??邈,BEIN,,,,,,
,HDMI 1,,,,,,,
,FIRE TV STICK,,SONOS ARC,SONOS,HDMI 3,,,
,HDMI 1,,,,,,,
,FIRE TV STICK,AMAZON,,,,,,
,HDMI 2,,HDMI 3,,,,,
,TV DA SALA DE,,,,,,,
,HDMI 1,,LG US60T,LG,,,,
HT-SF150(30),UBP-X500,,,,,,,
,FIRE TV STICK,AMAZON,,,,,,
,HDMI 1,,,,,,,
,HDMI 3,,,,,,,
,HDMI 1,,,,,,,
,HDMI 1,,,,,,,
,FIRE TV STICK,AMAZON,,,,,,
TEUFEL CINEBAR ULTIMA(C4),HDMI 3,,,,,,,
,APPLE TV,APPLE,,,,,,
JBL TUNE 520BT(AF),EVOBOX HD,POLSAT BOX,,,,,,
,AVR-X2700H,,,,,,,
,HDMI 1,,,,,,,
,FIRE TV STICK,,HDMI 2,,GIGATV HOME,,,
,VIRGIN TV 3,VIRGIN(LONDON),,,,,,
JBL BOOMBOX(9D),ZIGGO DECODER,ZIGGO,,,,,,
,DIONE,,,,,,,
,FREEBOX PLAYE,FREE,,,,,,
,AMAZON FIRETV,,CINEMA SB560,JBL,,,,
,FIRE TV STICK,AMAZON,EE TV,EE TV,,,,
,DSTV SET-TOP BOX,DSTV,,,,,,
,LG S40T,LG,,,,,,
,FIRE TV STICK,,LG US20A,,EE TV,,,
,HDMI 3,,,,,,,
,APPLE TV,APPLE,,,,,,
,HDMI 1,,,,,,,
LG US70TY(D7),LG US70TY,LG,HDMI 3,,,,,
,PLAYSTATION 4,PS4,,,,,,
,XIAOMI TV KUTU,DIGITURK,BD-THEATER,SAMSUNG,RECEIVER,SAMSUNG,D-SMART SET 횥ST횥 KUTU,D-SMART
BOSE HOME SPEAKER 300(59),,,,,,,,
[SAMSUNG] SOUNDBAR J-SERIES(B3),,,,,,,,
,HDMI 3,,,,,,,
,HDMI 2,,HDMI 3,,,,,
,HDMI1,,,,,,,
,HDMI 1,,,,,,,
,HTL2163,KPN,HDMI 4,,,,,
ESINKIN BT ADAPTER(75),,,,,,,,
WH-CH520(20),,,,,,,,
,HDMI 1,,,,,,,
,LG US90TY,LG,FIRE TV STICK,,SKY Q,SKY Q,,
,SKY Q,SKY Q,HDMI 4,,,,,
,HDMI 2,,CHROMECAST,,,,,
,EUSKALTEL(NAVARRA) DECODIFICADOR,EUSKALTEL(NAVARRA),,,,,,
,MAGYAR TELEKOM BELT횋RI EGYS횋G,MAGYAR TELEKOM,,,,,,
,SONOS BEAM,SONOS,,,,,,
BTS07(A8),,,,,,,,
,AMAZON FIRE T,,Q1108,,,,,
,DIGITURK SET 횥ST횥 KUTU,DIGITURK,,,,,,
,PLAYSTATION 5,PS5,,,,,,
LG SNH5(6A),TTNET SET 횥ST횥 KUTU,TTNET,,,,,,
SOUNDCORE LIFE Q30(06),,,,,,,,
,ALLENTE 1,STOFA,,,,,,
LG SJ3(31),,,,,,,,
,AMAZON FIRETV,,LG S90TY,BOSE,,,,
,HDMI 1,,CHROMECAST,,,,,
,HDMI 4,,,,,,,
,VSX-1018AH,,,,,,,
,HDMI 4,,,,,,,
,HDMI 1,,HDMI 2,,HDMI 3,,,
,CINEMA 50,,,,,,,
,HW-Q995F,SAMSUNG,APPLE TV,APPLE,,,,
,HDMI 2,,HDMI 4,,,,,
,FIRE TV STICK,,,SKY Q(NORTHERN IRELAND),,,,
,SKY Q,SKY Q(SOUTH),AMAZON OTT,AMAZON,,,,
,,,,,,,,
,HDMI 1,,H/T,,H/T,,,
LG-LK72(69),,,,,,,,
,MSTAR,,,,,,,
,FIRE TV STICK,,,,,,,
,AMAZON FIRETV,AMAZON,HDMI 3,,HD+,,,
,PC,,,,,,,
,CINEBAR DUETT,TEUFEL,,,,,,
,ORANGE TV DEKO,ORANGE,,,,,,
,HDMI 1,,,,,,,
LG SOUND BAR(3F:D3),,,,,,,,
BT HIFI AUDIO(CC),SKY,SKY Q,,,,,,
,VODAFONE BELT횋RI EGYS횋G,VODAFONE,,,,,,
SONOS MOVE (SONOS F48E)(8E),,,,,,,,
,HDMI 2,,,,,,,
,AV,,,,,,,
,HDMI 1,,,,,,,
,SOUNDBAR 500,BOSE,TELENETTVBOX,XBOX,LG CHANNELS,,,
,HDMI 1,,,,,,,
LG OK55  (2E),,,,,,,,
